kind,pref,name,area,lat,lon,mlat,mlon
port,北海道,えりも港,えりも町,42.01668,143.14231,42.01668,143.14231
port,北海道,余市港,余市町,43.21056,140.78111,43.21056,140.78111
port,北海道,函館港,函館市,41.79083,140.69389,41.79083,140.69389
port,北海道,十勝港,広尾町,42.29556,143.33444,42.29556,143.33444
port,北海道,堀株港,,43.0305,140.52112,43.0305,140.52112
port,北海道,増毛港,増毛町,43.86134,141.52702,43.86134,141.52702
port,北海道,天塩港,天塩町,44.88273,141.72979,44.88273,141.72979
port,北海道,天売港,羽幌町,44.43996,141.33447,44.43996,141.33447
port,北海道,奧尻港,奥尻町,42.17197,139.52159,42.17197,139.52159
port,北海道,宗谷港,稚内市,45.52313,141.94571,45.52313,141.94571
port,北海道,室蘭港,室蘭市,42.34796,140.95977,42.34796,140.95977
port,北海道,小樽港,小樽市,43.20028,141.01861,43.20028,141.01861
port,北海道,岩内港,岩内町,42.99305,140.50957,42.99305,140.50957
port,北海道,崎無異港,,43.82431,145.08944,43.82431,145.08944
port,北海道,忠類港,,43.72537,145.09584,43.72537,145.09584
port,北海道,昆布刈石港,,42.76271,143.76527,42.76271,143.76527
port,北海道,松前港,松前町,41.42091,140.08814,41.42091,140.08814
port,北海道,枝幸港,枝幸町,44.93611,142.59306,44.93611,142.59306
port,北海道,根室港,根室市,43.34519,145.57535,43.34519,145.57535
port,北海道,森港,森町,42.11227,140.59745,42.11227,140.59745
port,北海道,椴法華港,函館市,41.82346,141.17146,41.82346,141.17146
port,北海道,江差港,江差町,41.86803,140.11976,41.86803,140.11976
port,北海道,沓形港,利尻町,45.19263,141.13397,45.19263,141.13397
port,北海道,浜猿払港,,45.2793,142.23057,45.2793,142.23057
port,北海道,浦河港,浦河町,42.1652,142.7602,42.1652,142.7602
port,北海道,瀬棚港,せたな町,42.45278,139.83889,42.45278,139.83889
port,北海道,焼尻港,羽幌町,44.44736,141.42434,44.44736,141.42434
port,北海道,留萌港,留萌市,43.96444,141.62889,43.96444,141.62889
port,北海道,白老港,白老町,42.51797,141.3202,42.51797,141.3202
port,北海道,石狩港,石狩市,43.26303,141.3524,43.26303,141.3524
port,北海道,石狩湾新港,石狩湾新港管理組合,43.21111,141.26972,43.21111,141.26972
port,北海道,稚内港,稚内市,45.41455,141.70685,45.41455,141.70685
port,北海道,紋別港,紋別市,44.36058,143.36854,44.36058,143.36854
port,北海道,網走港,網走市,44.02872,144.2861,44.02872,144.2861
port,北海道,羽幌港,羽幌町,44.37465,141.6965,44.37465,141.6965
port,北海道,苫小牧港,苫小牧港管理組合,42.59667,141.72194,42.59667,141.72194
port,北海道,西恵山港,,41.78278,141.14861,41.78278,141.14861
port,北海道,釧路港,釧路市,42.98455,144.32336,42.98455,144.32336
port,北海道,霧多布港,浜中町,43.08705,145.12609,43.08705,145.12609
port,北海道,香深港,礼文町,45.30105,141.04959,45.30105,141.04959
port,北海道,鴛泊港,利尻富士町,45.23881,141.23504,45.23881,141.23504
fishing,北海道,えりも岬漁港,えりも,41.93568,143.24477,41.93568,143.24477
fishing,北海道,イタンキ漁港,室蘭,42.33722,141.03161,42.33722,141.03161
fishing,北海道,オッカバケ漁港,羅臼,44.07355,145.24389,44.07355,145.24389
fishing,北海道,サロマ湖漁港,常呂 佐呂間 湧別,44.17987,143.7843,44.17987,143.7843
fishing,北海道,トーサムポロ漁港,歯舞,43.39101,145.74498,43.39101,145.74498
fishing,北海道,三泊漁港,新星マリン,43.98176,141.64617,43.98176,141.64617
fishing,北海道,三石漁港,ひだか,42.24667,142.54389,42.24667,142.54389
fishing,北海道,上の国漁港,ひやま,41.80753,140.09839,41.80753,140.09839
fishing,北海道,上浦漁港,ひやま,42.22692,139.81284,42.22692,139.81284
fishing,北海道,上浦漁港,佐渡,33.2025,131.86226,33.2025,131.86226
fishing,北海道,上磯漁港,上磯郡,41.81678,140.64354,41.81678,140.64354
fishing,北海道,中の川漁港,上磯郡,41.63429,140.43251,41.63429,140.43251
fishing,北海道,中歌漁港,ひやま,42.48065,139.84595,42.48065,139.84595
fishing,北海道,久遠漁港,ひやま,42.22122,139.83447,42.22122,139.83447
fishing,北海道,乙忠部漁港,枝幸,44.78365,142.71991,44.78365,142.71991
fishing,北海道,乙部漁港,ひやま,41.96961,140.1302,41.96961,140.1302
fishing,北海道,五勝手漁港,ひやま,41.84822,140.12255,41.84822,140.12255
fishing,北海道,仙法志漁港,仙法志,45.11355,141.20697,45.11355,141.20697
fishing,北海道,仙鳳趾漁港,昆布森,42.97889,144.72639,42.97889,144.72639
fishing,北海道,伊達漁港,いぶり噴火湾,42.46581,140.85745,42.46581,140.85745
fishing,北海道,住吉漁港,函館市,41.75478,140.72139,41.75478,140.72139
fishing,北海道,余別漁港,東しゃこたん,43.33058,140.38296,43.33058,140.38296
fishing,北海道,余市河口漁港,余市郡,43.19838,140.79125,43.19838,140.79125
fishing,北海道,元和漁港,ひやま,42.00973,140.10366,42.00973,140.10366
fishing,北海道,元地漁港,香深,45.30519,141.02198,45.30519,141.02198
fishing,北海道,元稲府漁港,雄武,44.60645,142.94351,44.60645,142.94351
fishing,北海道,入舸漁港,東しゃこたん,43.36541,140.46882,43.36541,140.46882
fishing,北海道,八雲漁港,八雲町,42.25276,140.28724,42.25276,140.28724
fishing,北海道,内路漁港,香深 船泊,45.38907,141.05419,45.38907,141.05419
fishing,北海道,冬島漁港,えりも,42.10005,142.98497,42.10005,142.98497
fishing,北海道,出足平漁港,余市郡,43.23877,140.73492,43.23877,140.73492
fishing,北海道,函館湯川漁港,函館市,41.77256,140.78013,41.77256,140.78013
fishing,北海道,函館漁港,函館市,41.77145,140.69889,41.77145,140.69889
fishing,北海道,初浦漁港,北るもい,44.53364,141.7639,44.53364,141.7639
fishing,北海道,別海漁港,別海,43.38419,145.2906,43.38419,145.2906
fishing,北海道,別苅漁港,増毛,43.83344,141.47537,43.83344,141.47537
fishing,北海道,前浜漁港,北るもい,44.42698,141.33229,44.42698,141.33229
fishing,北海道,力昼漁港,北るもい,44.22424,141.65449,44.22424,141.65449
fishing,北海道,千代ノ浦漁港,釧路市東部,42.96559,144.39266,42.96559,144.39266
fishing,北海道,千走漁港,島牧,42.68886,139.99974,42.68886,139.99974
fishing,北海道,南浜漁港,鬼脇,45.10856,141.27252,45.10856,141.27252
fishing,北海道,厚内漁港,大津,42.80333,143.82167,42.80333,143.82167
fishing,北海道,厚岸漁港,厚岸,43.03949,144.84344,43.03949,144.84344
fishing,北海道,厚瀬漁港,島牧,42.74058,140.11154,42.74058,140.11154
fishing,北海道,厚田漁港,石狩湾,43.40028,141.42734,43.40028,141.42734
fishing,北海道,厚賀漁港,ひだか,42.43392,142.20761,42.43392,142.20761
fishing,北海道,原口漁港,松前さくら,41.60644,139.98286,41.60644,139.98286
fishing,北海道,原歌漁港,島牧,42.68992,139.98668,42.68992,139.98668
fishing,北海道,友知漁港,歯舞,43.31476,145.67335,43.31476,145.67335
fishing,北海道,古平漁港,東しゃこたん,43.27639,140.645,43.27639,140.645
fishing,北海道,古潭漁港,石狩湾,43.36139,141.42306,43.36139,141.42306
fishing,北海道,古部漁港,南かやべ,41.86589,141.11691,41.86589,141.11691
fishing,北海道,吉岡漁港,福島吉岡,41.445,140.23889,41.445,140.23889
fishing,北海道,吹込漁港,ひやま,42.5235,139.84496,42.5235,139.84496
fishing,北海道,呼人漁港,西網走,43.96741,144.19705,44.00741,144.19705
fishing,北海道,問牧漁港,枝幸,44.98966,142.54495,44.98966,142.58495
fishing,北海道,国縫漁港,長万部,42.43885,140.32945,42.43885,140.32945
fishing,北海道,塩谷漁港,小樽市,43.21906,140.91934,43.21906,140.91934
fishing,北海道,声問漁港,稚内,45.4095,141.75576,45.4095,141.75576
fishing,北海道,大中漁港,長万部,42.49135,140.36305,42.49135,140.36305
fishing,北海道,大岸漁港,いぶり噴火湾,42.58523,140.64135,42.58523,140.64135
fishing,北海道,大島(御領)漁港,松前さくら,32.54004,130.19326,32.54004,130.19326
fishing,北海道,大島(牛深)漁港,松前さくら,32.18334,129.96044,32.18334,129.96044
fishing,北海道,大島漁港,松前さくら,41.50894,139.38375,41.50894,139.38375
fishing,北海道,大樹漁港,大樹,42.47562,143.43222,42.47562,143.43222
fishing,北海道,大沢漁港,松前さくら,41.42647,140.1398,41.42647,140.1398
fishing,北海道,大津漁港,大津,42.70875,143.69408,42.70875,143.69408
fishing,北海道,大澗漁港,えさん,41.74396,141.07525,41.74396,141.07525
fishing,北海道,大舟漁港,南かやべ,41.96863,140.91651,41.96863,140.95651
fishing,北海道,太田漁港,ひやま,42.28219,139.78228,42.28219,139.78228
fishing,北海道,奔幌戸漁港,浜中,43.14977,145.17063,43.14977,145.17063
fishing,北海道,女那川漁港,えさん,41.75924,141.0858,41.75924,141.0858
fishing,北海道,宇登呂漁港,ウトロ 斜里第一,44.07465,144.99364,44.07465,144.99364
fishing,北海道,宇遠内漁港,船泊,45.34519,141.00031,45.34519,141.00031
fishing,北海道,宗谷漁港,宗谷,45.51312,141.89382,45.51312,141.89382
fishing,北海道,宮津漁港,ひやま,42.21108,139.54953,42.21108,139.54953
fishing,北海道,宮野漁港,ひやま,42.21803,139.85922,42.21803,139.85922
fishing,北海道,富武士漁港,佐呂間 常呂,44.09599,143.80513,44.09599,143.80513
fishing,北海道,富浜漁港,ひだか,42.49362,142.01845,42.49362,142.01845
fishing,北海道,富浦漁港,いぶり中央,42.44055,141.16326,42.44055,141.16326
fishing,北海道,富磯漁港,宗谷,45.46381,141.87522,45.46381,141.87522
fishing,北海道,寿都漁港,寿都町,42.79631,140.23388,42.79631,140.23388
fishing,北海道,小安漁港,戸井,41.74479,140.90777,41.74479,140.90777
fishing,北海道,小島漁港,松前さくら,41.36582,139.81684,41.36582,139.81684
fishing,北海道,小砂子漁港,ひやま,41.64949,139.99924,41.64949,139.99924
fishing,北海道,小谷石漁港,上磯郡,41.53341,140.42254,41.53341,140.42254
fishing,北海道,尻別漁港,寿都町,42.87714,140.36192,42.87714,140.36192
fishing,北海道,尾岱沼漁港,野付,43.56861,145.22199,43.56861,145.22199
fishing,北海道,尾札部漁港,南かやべ,41.89339,141.01386,41.89339,141.01386
fishing,北海道,山背泊漁港,えさん,41.78757,141.1333,41.78757,141.1333
fishing,北海道,山臼漁港,枝幸,44.82973,142.68115,44.82973,142.68115
fishing,北海道,山越漁港,八雲町,42.21638,140.39529,42.21638,140.39529
fishing,北海道,岡島漁港,枝幸,44.87252,142.64047,44.87252,142.64047
fishing,北海道,岩老漁港,増毛,43.77595,141.36843,43.77595,141.36843
fishing,北海道,岩部漁港,福島吉岡,41.50675,140.34005,41.50675,140.34005
fishing,北海道,峯浜漁港,羅臼,43.8742,145.09596,43.8742,145.09596
fishing,北海道,島泊漁港,余市郡,43.24294,140.72575,43.24294,140.72575
fishing,北海道,川汲漁港,南かやべ,41.90533,140.98192,41.90533,140.98192
fishing,北海道,川白漁港,神恵内村,43.21856,140.32655,43.21856,140.32655
fishing,北海道,差閉漁港,香深,45.2802,141.04559,45.2802,141.04559
fishing,北海道,常呂河口漁港,常呂,44.12322,144.08066,44.12322,144.08066
fishing,北海道,常呂漁港,常呂,44.12517,144.10094,44.12517,144.10094
fishing,北海道,幌内漁港,雄武,44.65922,142.87907,44.65922,142.87907
fishing,北海道,幌武意漁港,東しゃこたん,43.35909,140.51051,43.35909,140.51051
fishing,北海道,幌泊漁港,船泊,45.45517,141.04197,45.45517,141.04197
fishing,北海道,幌漁港,石狩湾,43.64985,141.3475,43.64985,141.3475
fishing,北海道,幌茂尻漁港,根室湾中部,43.29782,145.52087,43.29782,145.52087
fishing,北海道,平浜漁港,ひやま,42.20609,139.88117,42.20609,139.88117
fishing,北海道,床丹漁港,野付,43.48402,145.25363,43.48402,145.25363
fishing,北海道,床潭漁港,厚岸,42.9925,144.86,42.9925,144.86
fishing,北海道,庶野漁港,えりも,42.04344,143.29614,42.04344,143.29614
fishing,北海道,庶野漁港,えりも,42.04344,143.29614,42.04344,143.29614
fishing,北海道,当別漁港,上磯郡,41.73895,140.58779,41.73895,140.58779
fishing,北海道,御崎漁港,仙法志,45.10328,141.22725,45.10328,141.22725
fishing,北海道,忍路漁港,小樽市,43.20961,140.86018,43.20961,140.86018
fishing,北海道,志海苔漁港,函館市 銭亀沢,41.7572,140.84779,41.7572,140.84779
fishing,北海道,恵山泊漁港,稚内,45.44714,141.64358,45.44714,141.64358
fishing,北海道,恵山漁港,えさん,41.79563,141.17302,41.79563,141.17302
fishing,北海道,戸井漁港,戸井,41.71952,141.0247,41.71952,141.0247
fishing,北海道,抜海漁港,稚内,45.31139,141.60833,45.31139,141.60833
fishing,北海道,掛澗漁港,砂原,42.1256,140.64305,42.1256,140.64305
fishing,北海道,政泊漁港,寿都町,42.81214,140.17805,42.81214,140.17805
fishing,北海道,散布漁港,散布,43.02727,145.02926,43.02727,145.02926
fishing,北海道,敷島内漁港,岩内郡,42.97241,140.48301,42.97241,140.48301
fishing,北海道,斜内漁港,頓別,45.06055,142.48408,45.06055,142.48408
fishing,北海道,斜里漁港,斜里第一,43.9166,144.66146,43.9166,144.66146
fishing,北海道,新湊漁港,沓形,45.20493,141.13892,45.20493,141.13892
fishing,北海道,於尋麻布漁港,羅臼,43.9675,145.14361,43.9675,145.14361
fishing,北海道,日司漁港,東しゃこたん,43.358,140.46426,43.358,140.46426
fishing,北海道,日浦漁港,えさん,41.72757,141.05164,41.72757,141.05164
fishing,北海道,旭浜(大樹)漁港,大樹,42.41924,143.39195,42.41924,143.39195
fishing,北海道,旭浜(鬼脇)漁港,鬼脇,45.19438,141.31751,45.19438,141.31751
fishing,北海道,旭漁港,えりも,42.0625,143.06278,42.0625,143.06278
fishing,北海道,昆布森漁港,昆布森,42.95115,144.5282,42.95115,144.5282
fishing,北海道,昆布盛漁港,落石,43.22556,145.55167,43.22556,145.55167
fishing,北海道,春立漁港,ひだか,42.26639,142.48472,42.26639,142.48472
fishing,北海道,有戸漁港,寿都町,42.79722,140.30139,42.79722,140.30139
fishing,北海道,有珠漁港,いぶり噴火湾,42.5158,140.78579,42.5158,140.78579
fishing,北海道,朝日漁港,松前さくら,41.42952,140.12813,41.42952,140.12813
fishing,北海道,木古内漁港,上磯郡,41.68617,140.44698,41.68617,140.44698
fishing,北海道,木直漁港,南かやべ,41.887,141.06802,41.887,141.06802
fishing,北海道,本別漁港,鹿部,42.05416,140.8082,42.05416,140.8082
fishing,北海道,本泊漁港,鴛泊,45.24373,141.17153,45.24373,141.17153
fishing,北海道,札刈漁港,上磯郡,41.69895,140.48253,41.69895,140.48253
fishing,北海道,札前漁港,松前さくら,41.46924,140.02897,41.46924,140.02897
fishing,北海道,東上泊漁港,船泊,45.41823,141.06197,45.41823,141.06197
fishing,北海道,東栄漁港,日高中央,42.1859,142.69897,42.1859,142.69897
fishing,北海道,東洋漁港,えりも,41.9469,143.21803,41.9469,143.21803
fishing,北海道,東浦漁港,宗谷,45.42444,142.03528,45.42444,142.03528
fishing,北海道,東静内漁港,ひだか,42.29588,142.45176,42.29588,142.45176
fishing,北海道,松江漁港,ひやま,42.07859,139.48927,42.07859,139.48927
fishing,北海道,松江漁港,林崎,33.62383,131.09398,33.62383,131.09398
fishing,北海道,松法漁港,羅臼,43.98911,145.16391,43.98911,145.16391
fishing,北海道,栄浦漁港,常呂,44.12794,143.96901,44.12794,143.96901
fishing,北海道,桂恋漁港,釧路市東部,42.94504,144.44765,42.94504,144.44765
fishing,北海道,榊町漁港,浜中,43.12278,145.11694,43.12278,145.11694
fishing,北海道,様似漁港,日高中央,42.12056,142.91639,42.12056,142.91639
fishing,北海道,標津漁港,標津,43.66188,145.13632,43.66188,145.13632
fishing,北海道,横澗漁港,寿都町,42.84526,140.32734,42.84526,140.32734
fishing,北海道,樽岸漁港,寿都町,42.77659,140.24027,42.77659,140.24027
fishing,北海道,歌別漁港,えりも,41.99306,143.15806,41.99306,143.15806
fishing,北海道,歌島漁港,島牧,42.7802,140.15222,42.7802,140.15222
fishing,北海道,歯舞漁港,歯舞,43.3406,145.75751,43.3406,145.75751
fishing,北海道,永豊漁港,島牧,42.70826,140.06473,42.70826,140.06473
fishing,北海道,汐吹漁港,ひやま,41.74087,140.05173,41.74087,140.05173
fishing,北海道,汐首漁港,戸井,41.71229,140.95721,41.71229,140.95721
fishing,北海道,江良漁港,松前さくら,41.54617,139.98897,41.54617,139.98897
fishing,北海道,沖根婦漁港,歯舞,43.32837,145.69724,43.32837,145.69724
fishing,北海道,沙留漁港,沙留,44.43065,143.22794,44.43065,143.22794
fishing,北海道,沢木漁港,雄武,44.52222,143.06722,44.52222,143.06722
fishing,北海道,沼尻漁港,砂原,42.12438,140.73485,42.12438,140.73485
fishing,北海道,泉沢漁港,上磯郡,41.6995,140.50003,41.6995,140.50003
fishing,北海道,泊(後志)漁港,泊村,43.06684,140.49245,43.06684,140.49245
fishing,北海道,泊(檜山)漁港,ひやま,41.89066,140.13487,41.89066,140.13487
fishing,北海道,泊川漁港,ひやま,42.08333,140.0556,42.08333,140.0556
fishing,北海道,浜中漁港,船泊,45.43684,140.99392,45.43684,140.99392
fishing,北海道,浜佐呂間漁港,佐呂間 常呂,44.09183,143.92707,44.09183,143.92707
fishing,北海道,浜猿払漁港,猿払村,45.27163,142.2377,45.27163,142.2377
fishing,北海道,浜益漁港,石狩湾,43.60322,141.38165,43.60322,141.38165
fishing,北海道,浜鬼志別漁港,猿払村,45.34084,142.1677,45.34084,142.1677
fishing,北海道,涌元漁港,上磯郡,41.56063,140.43254,41.56063,140.43254
fishing,北海道,清部漁港,松前さくら,41.52368,140.0023,41.52368,140.0023
fishing,北海道,温根元漁港,歯舞,43.3867,145.78667,43.3867,145.78667
fishing,北海道,湧別漁港,湧別,44.23183,143.62227,44.23183,143.62227
fishing,北海道,湯内漁港,余市郡,43.24953,140.71193,43.24953,140.71193
fishing,北海道,濃昼漁港,石狩湾,43.47765,141.38984,43.47765,141.38984
fishing,北海道,熊石漁港,ひやま,42.12639,139.9775,42.12639,139.9775
fishing,北海道,珊内漁港,神恵内村,43.19543,140.3469,43.19543,140.3469
fishing,北海道,珸瑤瑁漁港,歯舞,43.37004,145.80862,43.37004,145.80862
fishing,北海道,琵琶瀬漁港,浜中,43.05611,145.09111,43.05611,145.09111
fishing,北海道,登別漁港,いぶり中央,42.4536,141.18492,42.4536,141.18492
fishing,北海道,登栄床漁港,湧別,44.1857,143.74236,44.1857,143.74236
fishing,北海道,白泉漁港,ひやま,42.18581,139.89144,42.18581,139.89144
fishing,北海道,白神漁港,松前さくら,41.41314,140.17063,41.41314,140.17063
fishing,北海道,白糠漁港,白糠,42.95253,144.08491,42.95253,144.08491
fishing,北海道,盃漁港,盃,43.10711,140.45273,43.10711,140.45273
fishing,北海道,目梨泊漁港,枝幸,45.03633,142.51776,45.03633,142.51776
fishing,北海道,目黒漁港,えりも,42.11927,143.3178,42.11927,143.3178
fishing,北海道,相沼漁港,ひやま,42.0751,140.05961,42.0751,140.05961
fishing,北海道,相泊漁港,羅臼,44.18965,145.32443,44.18965,145.32443
fishing,北海道,知円別漁港,羅臼,44.1016,145.24473,44.1016,145.24473
fishing,北海道,知布泊漁港,斜里第一 ウトロ,43.95938,144.83477,43.95938,144.83477
fishing,北海道,知床漁港,香深,45.27464,141.03476,45.27464,141.03476
fishing,北海道,知来別漁港,猿払村,45.37938,142.09326,45.37938,142.09326
fishing,北海道,石倉漁港,森,42.15944,140.48028,42.15944,140.48028
fishing,北海道,石崎(上ノ国)漁港,ひやま,41.70449,140.02202,41.70449,140.02202
fishing,北海道,石崎(銭亀沢)漁港,函館市,41.75256,140.87443,41.75256,140.87443
fishing,北海道,砂原漁港,砂原,42.12557,140.68499,42.12557,140.68499
fishing,北海道,礼受漁港,新星マリン,43.91823,141.61987,43.91823,141.61987
fishing,北海道,礼文漁港,いぶり噴火湾,42.57551,140.59969,42.57551,140.59969
fishing,北海道,祝津漁港,小樽市,43.23406,141.01433,43.23406,141.01433
fishing,北海道,神威脇漁港,ひやま,42.17108,139.4101,42.17108,139.4101
fishing,北海道,神岬漁港,東しゃこたん,43.31317,140.35636,43.31317,140.35636
fishing,北海道,神恵内漁港,神恵内村,43.14281,140.42151,43.14281,140.42151
fishing,北海道,福島漁港,福島吉岡,41.49091,140.29395,41.49091,140.29395
fishing,北海道,稚咲内漁港,稚内,45.08385,141.63027,45.08385,141.63027
fishing,北海道,稲穂漁港,ひやま,42.23747,139.54703,42.23747,139.54703
fishing,北海道,笛舞漁港,えりも,42.04371,143.10227,42.04371,143.10227
fishing,北海道,第二栄浜漁港,島牧,42.67112,139.87951,42.67112,139.87951
fishing,北海道,節婦漁港,ひだか,42.37476,142.27705,42.37476,142.27705
fishing,北海道,羅臼漁港,羅臼,44.01722,145.19833,44.01722,145.19833
fishing,北海道,美国漁港,東しゃこたん,43.29931,140.60104,43.29931,140.60104
fishing,北海道,美谷(歌棄)漁港,寿都町,42.83214,140.31026,42.83214,140.31026
fishing,北海道,美谷(瀬棚)漁港,ひやま,42.56661,139.83306,42.56661,139.83306
fishing,北海道,老者舞漁港,昆布森,42.93533,144.71902,42.93533,144.71902
fishing,北海道,能取漁港,網走 西網走,44.04212,144.18232,44.04212,144.18232
fishing,北海道,臼尻漁港,南かやべ,41.93421,140.94581,41.93421,140.94581
fishing,北海道,臼谷漁港,新星マリン,43.99917,141.64778,43.99917,141.64778
fishing,北海道,興部漁港,沙留,44.47787,143.1385,44.47787,143.1785
fishing,北海道,芭露漁港,湧別,44.1475,143.71812,44.1475,143.71812
fishing,北海道,苫前漁港,北るもい,44.31091,141.64568,44.31091,141.64568
fishing,北海道,茂草漁港,松前さくら,41.49396,140.01453,41.49396,140.01453
fishing,北海道,茂辺地漁港,上磯郡,41.75857,140.60634,41.75857,140.60634
fishing,北海道,茶津漁港,泊村,43.04295,140.50745,43.04295,140.50745
fishing,北海道,荻伏漁港,日高中央,42.19868,142.66064,42.19868,142.66064
fishing,北海道,落石漁港,落石,43.18278,145.5175,43.18278,145.5175
fishing,北海道,落部漁港,落部,42.19,140.4289,42.19,140.4289
fishing,北海道,薫別漁港,標津,43.79468,145.0631,43.79468,145.0631
fishing,北海道,蘭泊漁港,沓形,45.1541,141.1517,45.1541,141.1517
fishing,北海道,虻田漁港,いぶり噴火湾,42.52886,140.77745,42.52886,140.77745
fishing,北海道,虻羅漁港,ひやま,42.50244,139.8456,42.50244,139.8456
fishing,北海道,蛯谷漁港,森,42.13334,140.50945,42.13334,140.50945
fishing,北海道,西上泊漁港,船泊,45.41157,140.98864,45.41157,140.98864
fishing,北海道,西浦漁港,北るもい,44.44114,141.39756,44.44114,141.39756
fishing,北海道,西稚内漁港,稚内,45.3902,141.6383,45.3902,141.6383
fishing,北海道,豊岬漁港,北るもい,44.56475,141.77501,44.56475,141.77501
fishing,北海道,豊浜漁港,ひやま,42.04723,140.08143,42.04723,140.08143
fishing,北海道,豊浦漁港,いぶり噴火湾,42.58107,140.71024,42.58107,140.71024
fishing,北海道,貰人漁港,浜中,43.14838,145.22979,43.14838,145.22979
fishing,北海道,赤石(奥尻)漁港,ひやま,42.14636,139.51954,42.14636,139.51954
fishing,北海道,赤石漁港,神恵内村,43.15627,140.40412,43.15627,140.40412
fishing,北海道,走古丹漁港,別海,43.31544,145.33373,43.31544,145.33373
fishing,北海道,軽臼漁港,島牧,42.73187,140.08695,42.73187,140.08695
fishing,北海道,追直漁港,室蘭,42.30833,140.97162,42.30833,140.97162
fishing,北海道,遠別漁港,遠別,44.72279,141.78306,44.72279,141.78306
fishing,北海道,野塚漁港,東しゃこたん,43.34264,140.45521,43.34264,140.45521
fishing,北海道,釜谷(戸井)漁港,戸井,41.73285,140.93582,41.73285,140.93582
fishing,北海道,釜谷(木古内)漁港,上磯郡,41.70923,140.53502,41.70923,140.53502
fishing,北海道,鉄府漁港,船泊,45.41656,140.99031,45.41656,140.99031
fishing,北海道,長万部漁港,長万部,42.52333,140.39306,42.52333,140.39306
fishing,北海道,長磯漁港,ひやま,42.13889,139.91739,42.13889,139.91739
fishing,北海道,門別漁港,ひだか,42.47307,142.07484,42.47307,142.07484
fishing,北海道,関内漁港,ひやま,42.13249,139.92811,42.13249,139.92811
fishing,北海道,阿分漁港,増毛,43.89177,141.60285,43.89177,141.60285
fishing,北海道,雄冬漁港,増毛,43.74178,141.34122,43.74178,141.34122
fishing,北海道,雄忠志内漁港,鴛泊,45.22604,141.27946,45.22604,141.27946
fishing,北海道,雄武漁港,雄武,44.58655,142.96349,44.58655,142.96349
fishing,北海道,青苗漁港,ひやま,42.05998,139.45066,42.05998,139.45066
fishing,北海道,静内漁港,ひだか,42.32393,142.37177,42.32393,142.37177
fishing,北海道,静浦漁港,松前さくら,41.48292,140.02137,41.48292,140.02137
fishing,北海道,静狩漁港,長万部,42.58828,140.47415,42.58828,140.47415
fishing,北海道,音標漁港,枝幸,44.70783,142.81629,44.70783,142.81629
fishing,北海道,音調津漁港,広尾,42.22426,143.32002,42.22426,143.32002
fishing,北海道,須古頓漁港,船泊,45.456,140.97447,45.456,140.97447
fishing,北海道,須築漁港,ひやま,42.59549,139.82615,42.59549,139.82615
fishing,北海道,頓別漁港,頓別,45.1455,142.38007,45.1455,142.38007
fishing,北海道,館浜漁港,松前さくら,41.44674,140.04147,41.44674,140.04147
fishing,北海道,香深井漁港,香深,45.33685,141.04975,45.33685,141.04975
fishing,北海道,鬼鹿漁港,新星マリン,44.16,141.65222,44.16,141.65222
fishing,北海道,鮫泊漁港,寿都町,42.83464,140.31331,42.83464,140.31331
fishing,北海道,鱒浦漁港,網走,43.99102,144.29843,43.99102,144.29843
fishing,北海道,鳧舞漁港,ひだか,42.22534,142.61564,42.22534,142.61564
fishing,北海道,鵜泊漁港,ひやま,42.35849,139.7935,42.35849,139.7935
fishing,北海道,鵜苫漁港,日高中央,42.13258,142.8734,42.13258,142.8734
fishing,北海道,鵡川漁港,鵡川,42.54778,141.93957,42.54778,141.93957
fishing,北海道,鷲ノ木漁港,森,42.11501,140.545,42.11501,140.545
fishing,北海道,鷲別漁港,いぶり中央,42.35528,141.05161,42.35528,141.05161
fishing,北海道,鹿部漁港,鹿部,42.0317,140.82553,42.0317,140.82553
fishing,北海道,黄金漁港,いぶり噴火湾,42.41971,140.89828,42.41971,140.89828
fishing,北海道,黒岩漁港,八雲町,42.37111,140.29167,42.37111,140.29167
port,青森県,むつ小川原港,青森県,40.95669,141.41598,40.95669,141.41598
port,青森県,七里長浜港,青森県,40.80269,140.23246,40.80269,140.23246
port,青森県,仏ヶ浦港,青森県,41.31165,140.80191,41.31165,140.80191
port,青森県,休屋港,青森県,40.43045,140.88846,40.43045,140.88846
port,青森県,八戸港,青森県,40.56129,141.52019,40.56129,141.52019
port,青森県,大湊港,青森県,41.25717,141.16749,41.25717,141.16749
port,青森県,大間港,青森県,41.52958,140.89868,41.52958,140.89868
port,青森県,子ノ口港,青森県,40.46511,140.93747,40.46511,140.93747
port,青森県,小湊港,青森県,40.94334,140.99194,40.94334,140.99194
port,青森県,尻屋岬港,青森県,41.41252,141.43731,41.41252,141.43731
port,青森県,川内港,青森県,41.19605,140.9882,41.19605,140.9882
port,青森県,深浦港,青森県,40.65487,139.92424,40.65487,139.92424
port,青森県,野辺地港,青森県,40.87946,141.11896,40.87946,141.11896
port,青森県,関根浜港,,41.36852,141.23669,41.36852,141.23669
port,青森県,青森港,青森県,40.86012,140.77854,40.86012,140.77854
fishing,青森県,一本木漁港,今別町東部,41.21818,140.53783,41.21818,140.53783
fishing,青森県,三厩漁港,三厩村,41.19678,140.43173,41.19678,140.43173
fishing,青森県,三沢漁港,三沢市,40.68095,141.43618,40.68095,141.43618
fishing,青森県,下手浜漁港,大間,41.54481,140.91916,41.54481,140.91916
fishing,青森県,下風呂漁港,下風呂,41.47041,141.09144,41.47041,141.09144
fishing,青森県,久栗坂漁港,青森市,40.87239,140.84337,40.87239,140.84337
fishing,青森県,九艘泊漁港,脇野沢村,41.14126,140.77299,41.14126,140.77299
fishing,青森県,今別漁港,今別町西部,41.18345,140.47922,41.18345,140.47922
fishing,青森県,佐井漁港,佐井村,41.43371,140.85973,41.43371,140.85973
fishing,青森県,八戸漁港,八戸みなと 八戸市鮫浦 市川,40.53026,141.5347,40.53026,141.5347
fishing,青森県,北金ヶ沢漁港,大戸瀬,40.75218,140.09198,40.75218,140.09198
fishing,青森県,十三漁港,十三,41.0368,140.3298,41.0368,140.3298
fishing,青森県,原田漁港,佐井村,41.45066,140.87278,41.45066,140.87278
fishing,青森県,大久喜漁港,八戸市南浜,40.48951,141.63413,40.48951,141.63413
fishing,青森県,大畑漁港,大畑町,41.40873,141.17276,41.40873,141.17276
fishing,青森県,大蛇漁港,階上,40.47052,141.64888,40.47052,141.64888
fishing,青森県,大間越漁港,大間越,40.48852,139.94792,40.48852,139.94792
fishing,青森県,奥内漁港,青森市,40.89127,140.67826,40.89127,140.67826
fishing,青森県,奥戸漁港,奥戸,41.49315,140.90667,41.49315,140.90667
fishing,青森県,宇鉄漁港,三厩村,41.23733,140.39312,41.23733,140.39312
fishing,青森県,宿野部漁港,川内町,41.17398,140.93447,41.17398,140.93447
fishing,青森県,小沢漁港,脇野沢村,41.16599,140.87471,41.16599,140.87471
fishing,青森県,小泊漁港,下前小泊,41.1329,140.29424,41.1329,140.29424
fishing,青森県,小湊漁港,平内町,40.94297,140.98158,40.94297,140.98158
fishing,青森県,小田野沢漁港,小田野沢,41.22144,141.40474,41.22144,141.40474
fishing,青森県,小舟渡漁港,階上,40.45469,141.67724,40.45469,141.67724
fishing,青森県,尻労漁港,尻労,41.37169,141.45157,41.37169,141.45157
fishing,青森県,尻屋漁港,尻屋,41.3954,141.45301,41.3954,141.45301
fishing,青森県,岩屋漁港,岩屋,41.38675,141.40422,41.38675,141.40422
fishing,青森県,岩崎漁港,岩崎村,40.58545,139.91181,40.58545,139.91181
fishing,青森県,平沼漁港,六ヶ所村海水,40.87455,141.3998,40.87455,141.3998
fishing,青森県,平舘漁港,外ヶ浜,41.1593,140.64004,41.1593,140.64004
fishing,青森県,広戸漁港,深浦,40.66794,139.94291,40.66794,139.94291
fishing,青森県,後潟漁港,後潟,40.93405,140.66478,40.93405,140.66478
fishing,青森県,戸沢漁港,川内町,41.1908,141.0652,41.1908,141.0652
fishing,青森県,易国間漁港,易国間,41.48843,140.99888,41.48843,140.99888
fishing,青森県,有戸漁港,野辺地町,40.90795,141.18084,40.90795,141.18084
fishing,青森県,木造漁港,鰺ヶ沢,40.84357,140.27402,40.84357,140.27402
fishing,青森県,木野部漁港,大畑町,41.4415,141.12971,41.4415,141.12971
fishing,青森県,材木漁港,奥戸,41.47038,140.88973,41.47038,140.88973
fishing,青森県,東田沢漁港,平内町,40.99488,140.91753,40.99488,140.91753
fishing,青森県,桑畑漁港,易国間,41.48344,141.02221,41.48344,141.02221
fishing,青森県,森山漁港,岩崎村,40.55692,139.92865,40.55692,139.92865
fishing,青森県,榊漁港,階上,40.46075,141.66782,40.46075,141.66782
fishing,青森県,横浜漁港,横浜町,41.08405,141.24333,41.08405,141.24333
fishing,青森県,横磯漁港,深浦,40.63267,139.89319,40.63267,139.89319
fishing,青森県,檜川漁港,川内町,41.1879,140.9618,41.1879,140.9618
fishing,青森県,正津川漁港,大畑町,41.38929,141.19026,41.38929,141.19026
fishing,青森県,浜奥内漁港,むつ市,41.20125,141.26165,41.20125,141.26165
fishing,青森県,浪打漁港,平内町,40.92427,140.86816,40.92427,140.86816
fishing,青森県,深久保漁港,八戸市南浜,40.51704,141.60633,40.51704,141.60633
fishing,青森県,清水川漁港,平内町,40.92406,141.02474,40.92406,141.02474
fishing,青森県,源氏ヶ浦漁港,横浜町,41.11432,141.25305,41.11432,141.25305
fishing,青森県,瀬辺地漁港,蓬田村,41.00793,140.65116,41.00793,140.65116
fishing,青森県,牛滝漁港,佐井村,41.2929,140.79947,41.2929,140.79947
fishing,青森県,狩場沢漁港,平内町,40.89799,141.07827,40.89799,141.07827
fishing,青森県,田野沢(大戸瀬)漁港,大戸瀬,40.76377,140.04262,40.76377,140.04262
fishing,青森県,田野沢漁港,川内町,41.19098,141.01957,41.19098,141.01957
fishing,青森県,白浜漁港,八戸市南浜,40.5194,141.59472,40.5194,141.59472
fishing,青森県,白砂漁港,平内町,40.9846,140.95169,40.9846,140.95169
fishing,青森県,百目木漁港,横浜町,41.03745,141.23934,41.03745,141.23934
fishing,青森県,百石漁港,百石町,40.60531,141.46391,40.60531,141.46391
fishing,青森県,矢越漁港,佐井村,41.41983,140.84168,41.41983,140.84168
fishing,青森県,石持漁港,石持,41.35124,141.29386,41.35124,141.29386
fishing,青森県,磯谷漁港,佐井村,41.39855,140.83014,41.39855,140.83014
fishing,青森県,福浦漁港,佐井村,41.32806,140.80588,41.32806,140.80588
fishing,青森県,種差漁港,八戸市南浜,40.50442,141.62114,40.50442,141.62114
fishing,青森県,稲生漁港,平内町,40.98039,140.87167,40.98039,140.87167
fishing,青森県,脇元漁港,脇元,41.09262,140.31713,41.09262,140.31713
fishing,青森県,脇野沢漁港,脇野沢,41.14375,140.82447,41.14375,140.82447
fishing,青森県,艫作漁港,艫作 深浦,40.60878,139.86264,40.60878,139.86264
fishing,青森県,茂浦漁港,平内町,40.94428,140.87018,40.94428,140.87018
fishing,青森県,蓬田漁港,蓬田村,40.985,140.65632,40.985,140.65632
fishing,青森県,蛇浦漁港,蛇浦,41.50758,140.96766,41.50758,140.96766
fishing,青森県,蛎崎漁港,川内町,41.16552,140.89785,41.16552,140.89785
fishing,青森県,蟹田漁港,外ヶ浜,41.04764,140.64672,41.04764,140.64672
fishing,青森県,角違漁港,むつ市,41.20922,141.09406,41.20922,141.09406
fishing,青森県,車力漁港,車力,40.97969,140.31363,40.97969,140.31363
fishing,青森県,追越漁港,階上,40.46719,141.65638,40.46719,141.65638
fishing,青森県,野牛漁港,野牛,41.35846,141.33858,41.35846,141.33858
fishing,青森県,野辺地漁港,野辺地町,40.87351,141.12585,40.87351,141.12585
fishing,青森県,金浜漁港,八戸市南浜,40.48085,141.6393,40.48085,141.6393
fishing,青森県,長後漁港,佐井村,41.37044,140.8263,41.37044,140.8263
fishing,青森県,関根漁港,関根浜,41.3704,141.22498,41.3704,141.22498
fishing,青森県,青森漁港,青森市,40.83378,140.767,40.83378,140.767
fishing,青森県,風合瀬漁港,風合瀬,40.74488,140.0029,40.74488,140.0029
fishing,青森県,驫木漁港,大戸瀬,40.70322,139.97624,40.70322,139.97624
fishing,青森県,鯵ヶ沢漁港,鰺ヶ沢 赤石水産,40.78183,140.21066,40.78183,140.21066
fishing,青森県,鶏沢漁港,横浜町,41.12654,141.2611,41.12654,141.2611
fishing,青森県,黒崎漁港,普代村,40.51272,139.94481,40.51272,139.94481
fishing,青森県,龍飛漁港,龍飛,41.26011,140.34562,41.26011,140.34562
port,岩手県,久慈港,岩手県,40.2001,141.82447,40.2001,141.82447
port,岩手県,八木港,岩手県,40.34872,141.76553,40.34872,141.76553
port,岩手県,大船渡港,岩手県,39.0191,141.73321,39.0191,141.73321
port,岩手県,宮古港,岩手県,39.62794,141.97615,39.62794,141.97615
port,岩手県,小本港,岩手県,39.84787,141.9783,39.84787,141.9783
port,岩手県,釜石港,岩手県,39.2578,141.92066,39.2578,141.92066
fishing,岩手県,三鏡漁港,広田湾,38.95153,141.72367,38.95153,141.72367
fishing,岩手県,下安家漁港,野田村,40.05557,141.85222,40.05557,141.85222
fishing,岩手県,両替漁港,広田湾,38.99986,141.67841,38.99986,141.67841
fishing,岩手県,両石漁港,釜石東部,39.30705,141.89059,39.30705,141.89059
fishing,岩手県,久喜漁港,久慈市,40.13298,141.85421,40.13298,141.85421
fishing,岩手県,久慈湊漁港,久慈市,40.20432,141.80025,40.20432,141.80025
fishing,岩手県,仮宿漁港,釜石東部,39.31514,141.94691,39.31514,141.94691
fishing,岩手県,仲組漁港,重茂,39.63563,142.02389,39.63563,142.02389
fishing,岩手県,佐須漁港,釜石湾,39.22061,141.92529,39.22061,141.92529
fishing,岩手県,六ヶ浦漁港,広田湾,38.96514,141.70479,38.96514,141.70479
fishing,岩手県,北山漁港,田野畑村,39.95948,141.9561,39.95948,141.9561
fishing,岩手県,千歳漁港,吉浜,39.16174,141.89644,39.16174,141.89644
fishing,岩手県,千鶏漁港,重茂,39.52981,142.03417,39.52981,142.03417
fishing,岩手県,只出漁港,広田湾,38.98403,141.70951,38.98403,141.70951
fishing,岩手県,合足漁港,大船渡市,39.0343,141.76867,39.0343,141.76867
fishing,岩手県,吉浜漁港,吉浜,39.14401,141.8406,39.14401,141.8406
fishing,岩手県,吉里吉里漁港,大槌町,39.37955,141.94374,39.37955,141.94374
fishing,岩手県,唐丹漁港,唐丹町,39.20845,141.88892,39.20845,141.88892
fishing,岩手県,堀内漁港,普代村,40.05252,141.86166,40.05252,141.86166
fishing,岩手県,増館漁港,吉浜,39.13624,141.85348,39.13624,141.85348
fishing,岩手県,大槌漁港,大槌町,39.35309,141.92391,39.35309,141.92391
fishing,岩手県,大沢漁港,大沢,39.48118,141.97571,39.48118,141.97571
fishing,岩手県,大浦漁港,大浦,39.44941,142.00173,39.44941,142.00173
fishing,岩手県,大石漁港,唐丹町,39.18229,141.89157,39.18229,141.89157
fishing,岩手県,大祝漁港,広田湾,38.95729,141.72448,38.95729,141.72448
fishing,岩手県,大船渡漁港,大船渡市,39.06624,141.72867,39.06624,141.72867
fishing,岩手県,大陽漁港,広田湾,38.97099,141.67671,38.97099,141.67671
fishing,岩手県,太田名部漁港,普代村,40.00975,141.90666,40.00975,141.90666
fishing,岩手県,姉吉漁港,重茂,39.53282,142.05256,39.53282,142.05256
fishing,岩手県,嬉石漁港,釜石湾,39.26456,141.89031,39.26456,141.89031
fishing,岩手県,室浜漁港,釜石東部,39.34344,141.90864,39.34344,141.90864
fishing,岩手県,宿戸漁港,種市南,40.36998,141.75332,40.36998,141.75332
fishing,岩手県,宿漁港,宮古,39.68812,141.96834,39.68812,141.96834
fishing,岩手県,小堀内漁港,田老町,39.78867,141.98389,39.78867,141.98389
fishing,岩手県,小壁漁港,越喜来,39.11655,141.88851,39.11655,141.88851
fishing,岩手県,小子内漁港,小子内浜,40.33897,141.77197,40.33897,141.77197
fishing,岩手県,小本漁港,小本浜,39.85214,141.97645,39.85214,141.97645
fishing,岩手県,小港,田老町,39.75128,141.99713,39.75128,141.99713
fishing,岩手県,小白浜漁港,唐丹町,39.20578,141.86831,39.20578,141.86831
fishing,岩手県,小石浜漁港,綾里,39.0768,141.82172,39.0768,141.82172
fishing,岩手県,小袖漁港,久慈市,40.16862,141.84999,40.16862,141.84999
fishing,岩手県,小谷鳥漁港,大浦,39.42447,142.01412,39.42447,142.01412
fishing,岩手県,小路漁港,綾里,39.03112,141.77381,39.03112,141.77381
fishing,岩手県,山田漁港,山田湾,39.46986,141.95854,39.46986,141.95854
fishing,岩手県,島の越漁港,田野畑村,39.91421,141.94722,39.91421,141.94722
fishing,岩手県,崎浜漁港,越喜来,39.10101,141.86027,39.10101,141.86027
fishing,岩手県,川代漁港,重茂,39.50076,142.01153,39.50076,142.01153
fishing,岩手県,川尻漁港,かいゑい,31.17662,130.5552,31.17662,130.5552
fishing,岩手県,川尻漁港,種市,40.43191,141.70165,40.43191,141.70165
fishing,岩手県,川津内漁港,久慈市,40.27937,141.81008,40.27937,141.81008
fishing,岩手県,平井賀漁港,田野畑村,39.93226,141.93833,39.93226,141.93833
fishing,岩手県,平田漁港,釜石湾,39.24706,141.89114,39.24706,141.89114
fishing,岩手県,広田漁港,広田湾,38.95363,141.69063,38.95363,141.69063
fishing,岩手県,弁天漁港,普代村,40.00836,141.92888,40.00836,141.92888
fishing,岩手県,戸類家漁港,戸類家,40.37942,141.74138,40.37942,141.74138
fishing,岩手県,扇洞漁港,吉浜,39.15568,141.84671,39.15568,141.84671
fishing,岩手県,日出島漁港,宮古,39.67368,141.98056,39.67368,141.98056
fishing,岩手県,有家漁港,種市南,40.31582,141.78193,40.31582,141.78193
fishing,岩手県,机漁港,田野畑村,39.95052,141.95873,39.95052,141.95873
fishing,岩手県,根岬漁港,広田湾,38.9432,141.70451,38.9432,141.70451
fishing,岩手県,根白漁港,吉浜,39.1552,141.86061,39.1552,141.86061
fishing,岩手県,桑ノ浜漁港,釜石東部,39.30858,141.90743,39.30858,141.90743
fishing,岩手県,桑畑漁港,久慈市,40.2936,141.79693,40.2936,141.79693
fishing,岩手県,槇木沢漁港,田野畑村,39.89199,141.95499,39.89199,141.95499
fishing,岩手県,横沼漁港,久慈市,40.26699,141.81708,40.26699,141.81708
fishing,岩手県,樫内漁港,田老町,39.70657,141.9771,39.70657,141.9771
fishing,岩手県,沢漁港,普代村,40.04974,141.87027,40.04974,141.87027
fishing,岩手県,泊漁港,越喜来,39.10775,141.81171,39.10775,141.81171
fishing,岩手県,泊里漁港,大船渡市,38.99076,141.72819,38.99076,141.72819
fishing,岩手県,津軽石漁港,宮古,39.59415,141.96375,39.59415,141.96375
fishing,岩手県,浦の沢漁港,重茂,39.64146,142.00667,39.64146,142.00667
fishing,岩手県,片岸漁港,釜石東部,39.33936,141.90133,39.33936,141.90133
fishing,岩手県,玉川漁港,野田村,40.08079,141.83199,40.08079,141.83199
fishing,岩手県,田子の木漁港,久慈市,40.28428,141.8068,40.28428,141.8068
fishing,岩手県,田老漁港,田老町,39.73367,141.97528,39.73367,141.97528
fishing,岩手県,白井漁港,普代村,40.03326,141.88563,40.03326,141.88563
fishing,岩手県,白前漁港,久慈市,40.24856,141.82476,40.24856,141.82476
fishing,岩手県,白浜(宮古)漁港,宮古,39.61058,141.97677,39.61058,141.97677
fishing,岩手県,白浜(釜石)漁港,釜石湾,39.2379,141.9217,39.2379,141.9217
fishing,岩手県,白浜(鵜住居)漁港,釜石東部,39.33065,141.94392,39.33065,141.94392
fishing,岩手県,白糠漁港,白糠 泊,41.13321,141.39303,41.13321,141.39303
fishing,岩手県,矢の浦漁港,広田湾,38.98931,141.66979,38.98931,141.66979
fishing,岩手県,石浜漁港,重茂,39.52203,142.02945,39.52203,142.02945
fishing,岩手県,砂子浜漁港,綾里,39.07421,141.83854,39.07421,141.83854
fishing,岩手県,碁石漁港,大船渡市,38.98847,141.73701,38.98847,141.73701
fishing,岩手県,種市漁港,種市,40.40541,141.72199,40.40541,141.72199
fishing,岩手県,箱崎漁港,釜石東部,39.32534,141.91406,39.32534,141.91406
fishing,岩手県,綾里漁港,綾里,39.04069,141.79644,39.04069,141.79644
fishing,岩手県,織笠漁港,織笠,39.45287,141.96252,39.45287,141.96252
fishing,岩手県,脇之沢漁港,広田湾,39.00456,141.65835,39.00456,141.65835
fishing,岩手県,舟渡漁港,久慈市,40.18086,141.81972,40.18086,141.81972
fishing,岩手県,船越漁港,船越湾,39.42371,141.97974,39.42371,141.97974
fishing,岩手県,茂師漁港,小本浜,39.8307,141.98085,39.8307,141.98085
fishing,岩手県,蛸の浜漁港,宮古,39.65118,141.97139,39.65118,141.97139
fishing,岩手県,蛸ノ浦漁港,大船渡市,39.03174,141.73666,39.03174,141.73666
fishing,岩手県,要谷漁港,広田湾,38.98347,141.62535,38.98347,141.62535
fishing,岩手県,角浜漁港,種市,40.44297,141.68941,40.44297,141.68941
fishing,岩手県,越喜来漁港,越喜来,39.11374,141.81949,39.11374,141.81949
fishing,岩手県,重茂漁港,重茂,39.57555,142.03028,39.57555,142.03028
fishing,岩手県,野田漁港,野田村,40.11696,141.83388,40.11696,141.83388
fishing,岩手県,野野前漁港,綾里,39.05236,141.81755,39.05236,141.81755
fishing,岩手県,釜石漁港,釜石湾,39.27115,141.89917,39.27115,141.89917
fishing,岩手県,長崎漁港,大船渡市,39.02017,141.75254,39.02017,141.75254
fishing,岩手県,長部漁港,広田湾,38.99208,141.62424,38.99208,141.62424
fishing,岩手県,門の浜漁港,大船渡市,38.99653,141.71701,38.99653,141.71701
fishing,岩手県,青野滝漁港,田老町,39.76756,141.99028,39.76756,141.99028
fishing,岩手県,音部漁港,重茂,39.59925,142.02917,39.59925,142.02917
fishing,岩手県,須久洞漁港,小本浜,39.88627,141.9616,39.88627,141.9616
fishing,岩手県,高家漁港,種市南,40.29849,141.79535,40.29849,141.79535
fishing,岩手県,鬼沢漁港,越喜来,39.0868,141.81199,39.0868,141.81199
fishing,岩手県,鹿糠漁港,種市,40.3947,141.72638,40.3947,141.72638
fishing,岩手県,麦生漁港,久慈市,40.22614,141.83121,40.22614,141.83121
fishing,岩手県,黒崎漁港,岩崎村,40.0079,141.92274,40.0079,141.92274
port,宮城県,仙台塩釜港,宮城県,38.32254,141.09087,38.32254,141.09087
port,宮城県,女川港,宮城県,38.42173,141.48265,38.42173,141.48265
port,宮城県,御崎港,宮城県,38.86085,141.66605,38.86085,141.66605
port,宮城県,気仙沼港,宮城県,38.88595,141.59642,38.88595,141.59642
port,宮城県,荻浜港,宮城県,38.37361,141.44743,38.37361,141.44743
port,宮城県,表浜港,宮城県,38.3256,141.46449,38.3256,141.46449
port,宮城県,金華山港,宮城県,38.29334,141.54976,38.29334,141.54976
port,宮城県,雄勝港,宮城県,38.50159,141.50232,38.50159,141.50232
fishing,宮城県,ばなな漁港,歌津町,38.72104,141.55906,38.72104,141.55906
fishing,宮城県,二十一浜漁港,大谷本吉,38.76066,141.52098,38.76066,141.52098
fishing,宮城県,仁斗田漁港,石巻地区,38.2941,141.42706,38.2941,141.42706
fishing,宮城県,今朝磯漁港,大谷本吉,38.75745,141.52755,38.75745,141.52755
fishing,宮城県,伊里前漁港,歌津町,38.71453,141.52377,38.71453,141.52377
fishing,宮城県,侍浜漁港,石巻地区,38.38223,141.43351,38.38223,141.43351
fishing,宮城県,出島漁港,女川町,38.45711,141.51757,38.45711,141.51757
fishing,宮城県,前浜漁港,大谷本吉,38.80182,141.55258,38.80182,141.55258
fishing,宮城県,前網漁港,前網,38.3894,141.51545,38.3894,141.51545
fishing,宮城県,北上漁港,北上町十三浜,38.58826,141.49452,38.58826,141.49452
fishing,宮城県,十八成浜漁港,牡鹿,38.30743,141.48928,38.30743,141.48928
fishing,宮城県,古浦漁港,松島町,38.38053,141.11805,38.38053,141.11805
fishing,宮城県,只越漁港,唐桑町,38.93042,141.63452,38.93042,141.63452
fishing,宮城県,名振漁港,雄勝町東部,38.5339,141.49653,38.5339,141.49653
fishing,宮城県,名籠漁港,松島町,38.37654,141.11763,38.37654,141.11763
fishing,宮城県,土台磯漁港,大谷本吉,38.78994,141.52609,38.78994,141.52609
fishing,宮城県,塚浜漁港,女川町,38.40742,141.49122,38.40742,141.49122
fishing,宮城県,塩釜漁港,塩竈市 塩釜市第一,38.3265,141.0491,38.3265,141.0491
fishing,宮城県,大原漁港,表浜,38.33438,141.47123,38.33438,141.47123
fishing,宮城県,大沢(唐桑)漁港,唐桑町,38.96347,141.63229,38.96347,141.63229
fishing,宮城県,大沢(津谷)漁港,大谷本吉,38.79324,141.53017,38.79324,141.53017
fishing,宮城県,大泊漁港,石巻地区,38.30521,141.42068,38.30521,141.42068
fishing,宮城県,大浜漁港,宮戸,38.3257,141.16464,38.3257,141.16464
fishing,宮城県,大谷漁港,大谷本吉,38.81593,141.57589,38.81593,141.57589
fishing,宮城県,大須漁港,雄勝町東部,38.52284,141.54703,38.52284,141.54703
fishing,宮城県,女川漁港,女川町,38.44436,141.44844,38.44436,141.44844
fishing,宮城県,宇島漁港,雄勝町東部,38.5149,141.53948,38.5149,141.53948
fishing,宮城県,室浜漁港,宮戸,38.33833,141.17068,38.33833,141.17068
fishing,宮城県,宿舞根漁港,唐桑町,38.89806,141.62527,38.89806,141.62527
fishing,宮城県,宿舞根漁港,宮古,38.90162,141.63563,38.90162,141.63563
fishing,宮城県,寄木漁港,歌津町,38.70736,141.52225,38.70736,141.52225
fishing,宮城県,寄磯漁港,牡鹿町寄磯,38.38908,141.52412,38.38908,141.52412
fishing,宮城県,寒風沢漁港,塩釜市浦戸東部,38.33919,141.11831,38.33919,141.11831
fishing,宮城県,寺浜漁港,志津川町,38.63715,141.52412,38.63715,141.52412
fishing,宮城県,寺間漁港,女川町,38.43992,141.52538,38.43992,141.52538
fishing,宮城県,小屋取漁港,女川町,38.40695,141.50321,38.40695,141.50321
fishing,宮城県,小島漁港,雄勝町雄勝湾,38.51339,141.49082,38.51339,141.49082
fishing,宮城県,小淵漁港,表浜,38.31938,141.47067,38.31938,141.47067
fishing,宮城県,小田浜漁港,唐桑町,38.94291,141.64003,38.94291,141.64003
fishing,宮城県,小竹漁港,石巻地区,38.38352,141.37898,38.38352,141.37898
fishing,宮城県,小網倉漁港,表浜,38.35052,141.45959,38.35052,141.45959
fishing,宮城県,小鯖漁港,唐桑町,38.88348,141.64507,38.88348,141.64507
fishing,宮城県,尾浦漁港,女川町,38.45462,141.4952,38.45462,141.4952
fishing,宮城県,岩井沢漁港,唐桑町,38.94904,141.63641,38.94904,141.63641
fishing,宮城県,川原漁港,気仙沼地区,38.85288,141.58428,38.85288,141.58428
fishing,宮城県,平磯漁港,志津川町,38.67795,141.4753,38.63795,141.4753
fishing,宮城県,御前漁港,女川町,38.46554,141.47736,38.46554,141.47736
fishing,宮城県,志津川漁港,志津川町,38.67221,141.45077,38.63221,141.45077
fishing,宮城県,折ノ浜漁港,石巻地区,38.39904,141.40314,38.39904,141.40314
fishing,宮城県,折立漁港,志津川町,38.64712,141.44177,38.64712,141.44177
fishing,宮城県,指ヶ浜漁港,女川町,38.47048,141.48348,38.47048,141.48348
fishing,宮城県,新山漁港,牡鹿,38.32854,141.52678,38.32854,141.52678
fishing,宮城県,日門漁港,大谷本吉,38.80682,141.55579,38.80682,141.55579
fishing,宮城県,明神漁港,雄勝町雄勝湾,38.51896,141.48203,38.51896,141.48203
fishing,宮城県,月浜漁港,宮戸西部,38.32378,141.15704,38.32378,141.15704
fishing,宮城県,月浦漁港,石巻地区,38.38143,141.42492,38.38143,141.42492
fishing,宮城県,杉ノ下漁港,気仙沼地区,38.82358,141.58817,38.82358,141.58817
fishing,宮城県,東名漁港,鳴瀬町,38.3596,141.13388,38.3596,141.13388
fishing,宮城県,松ヶ浜漁港,七ヶ浜町,38.27732,141.05038,38.27732,141.05038
fishing,宮城県,松岩漁港,気仙沼地区,38.8732,141.58869,38.8732,141.58869
fishing,宮城県,桂島漁港,塩釜市浦戸,38.33722,141.09072,38.33722,141.09072
fishing,宮城県,桃ノ浦漁港,石巻地区,38.39681,141.43121,38.39681,141.43121
fishing,宮城県,桐ヶ崎漁港,女川町,38.4402,141.47816,38.4402,141.47816
fishing,宮城県,桑の浜漁港,雄勝町東部,38.49464,141.52482,38.49464,141.52482
fishing,宮城県,横沼漁港,気仙沼地区,38.83685,141.61931,38.83685,141.61931
fishing,宮城県,気仙沼漁港,気仙沼 気仙沼地区,38.9019,141.58462,38.9019,141.58462
fishing,宮城県,水戸辺漁港,志津川町,38.64295,141.45427,38.64295,141.45427
fishing,宮城県,水浜分浜漁港,雄勝町雄勝湾,38.50083,141.48968,38.50083,141.48968
fishing,宮城県,江の島漁港,女川町,38.40229,141.59394,38.40229,141.59394
fishing,宮城県,池ノ浜漁港,網地島,38.28144,141.46727,38.28144,141.46727
fishing,宮城県,泊(大原)漁港,牡鹿町泊浜,38.3566,141.52317,38.3566,141.52317
fishing,宮城県,泊(歌津)漁港,歌津町,38.70093,141.55677,38.70093,141.55677
fishing,宮城県,波伝谷漁港,志津川町,38.64295,141.46121,38.64295,141.46121
fishing,宮城県,波路上漁港,気仙沼地区,38.837,141.5931,38.837,141.5931
fishing,宮城県,津ノ宮漁港,志津川町,38.64261,141.48502,38.64261,141.48502
fishing,宮城県,津本漁港,唐桑町,38.86515,141.65813,38.86515,141.65813
fishing,宮城県,浜市漁港,鳴瀬町,38.37908,141.17681,38.37908,141.17681
fishing,宮城県,浜田漁港,塩竈市,38.34825,141.04321,38.34825,141.04321
fishing,宮城県,浦の浜漁港,気仙沼地区,38.86286,141.58584,38.86286,141.58584
fishing,宮城県,深沼漁港,仙台市,38.2183,140.98931,38.2183,140.98931
fishing,宮城県,清水漁港,志津川町,38.69072,141.49204,38.65072,141.49204
fishing,宮城県,渡波漁港,石巻湾,38.41024,141.36006,38.41024,141.36006
fishing,宮城県,港,歌津町,38.74072,141.53592,38.74072,141.53592
fishing,宮城県,滝浜(唐桑)漁港,唐桑町,38.88265,141.6634,38.88265,141.6634
fishing,宮城県,滝浜(戸倉)漁港,志津川町,38.64284,141.49171,38.64284,141.49171
fishing,宮城県,熊沢漁港,雄勝町東部,38.50879,141.53483,38.50879,141.53483
fishing,宮城県,牧ノ浜漁港,石巻市東部,38.36622,141.4394,38.36622,141.4394
fishing,宮城県,狐崎漁港,石巻市東部,38.35181,141.41664,38.35181,141.41664
fishing,宮城県,田浦漁港,歌津町,38.73491,141.54749,38.73491,141.54749
fishing,宮城県,白浜漁港,北上町十三浜,38.58364,141.47763,38.58364,141.47763
fishing,宮城県,石巻漁港,石巻市,38.41112,141.33154,38.41112,141.33154
fishing,宮城県,石浜(唐桑)漁港,唐桑町,38.9107,141.6484,38.9107,141.6484
fishing,宮城県,石浜(歌津)漁港,歌津町,38.73078,141.56283,38.73078,141.56283
fishing,宮城県,磯崎漁港,松島町,38.37623,141.08174,38.37623,141.08174
fishing,宮城県,磯浜漁港,山元町,37.9029,140.93158,37.9029,140.93158
fishing,宮城県,磯草漁港,気仙沼地区,38.8696,141.6042,38.8696,141.6042
fishing,宮城県,神止浜漁港,唐桑町,38.8796,141.6473,38.8796,141.6473
fishing,宮城県,福貴浦漁港,石巻市東部,38.35252,141.44588,38.35252,141.44588
fishing,宮城県,稲淵漁港,歌津町,38.71044,141.54453,38.71044,141.54453
fishing,宮城県,竹ノ浜漁港,石巻市東部,38.36479,141.43211,38.36479,141.43211
fishing,宮城県,竹浦漁港,女川町,38.44222,141.48881,38.44222,141.48881
fishing,宮城県,笹浜漁港,唐桑町,38.88818,141.66291,38.88818,141.66291
fishing,宮城県,細浦漁港,志津川町,38.69378,141.50037,38.69378,141.50037
fishing,宮城県,給分漁港,表浜,38.32854,141.47234,38.32854,141.47234
fishing,宮城県,網地漁港,網地島,38.27491,141.46071,38.27491,141.46071
fishing,宮城県,羽坂漁港,雄勝町東部,38.49572,141.53445,38.49572,141.53445
fishing,宮城県,船越漁港,雄勝町東部,38.53496,141.50831,38.53496,141.50831
fishing,宮城県,荒浜漁港,亘理町,38.03647,140.92563,38.03647,140.92563
fishing,宮城県,荒漁港,雄勝町東部,38.53263,141.53269,38.53263,141.53269
fishing,宮城県,荒砥漁港,志津川町,38.67623,141.48838,38.63623,141.48838
fishing,宮城県,菖蒲田漁港,七ヶ浜町,38.28118,141.06244,38.28118,141.06244
fishing,宮城県,蔵内漁港,大谷本吉,38.75244,141.5301,38.75244,141.5301
fishing,宮城県,藤浜漁港,志津川町,38.63851,141.5051,38.63851,141.5051
fishing,宮城県,蛤浜漁港,石巻地区,38.40296,141.40933,38.40296,141.40933
fishing,宮城県,要害漁港,気仙沼地区,38.8471,141.6123,38.8471,141.6123
fishing,宮城県,谷川漁港,谷川,38.3677,141.49067,38.3677,141.49067
fishing,宮城県,赤牛漁港,大谷本吉,38.79655,141.53944,38.79655,141.53944
fishing,宮城県,載鈎漁港,唐桑町,38.94598,141.63896,38.94598,141.63896
fishing,宮城県,里浜漁港,宮戸西部,38.34197,141.14609,38.34197,141.14609
fishing,宮城県,野々浜漁港,女川町,38.39505,141.47054,38.39505,141.47054
fishing,宮城県,野蒜漁港,鳴瀬町,38.37797,141.17125,38.37797,141.17125
fishing,宮城県,野野島漁港,塩釜市浦戸,38.33734,141.10511,38.33734,141.10511
fishing,宮城県,金取漁港,唐桑町,38.92286,141.6453,38.92286,141.6453
fishing,宮城県,銭神漁港,松島町,38.37693,141.09797,38.37693,141.09797
fishing,宮城県,長崎漁港,気仙沼地区,38.85417,141.62574,38.85417,141.62574
fishing,宮城県,長浜漁港,唐桑町,38.86321,141.66202,38.86321,141.66202
fishing,宮城県,長清水漁港,志津川町,38.63768,141.51033,38.63768,141.51033
fishing,宮城県,長渡漁港,網地島,38.25919,141.49461,38.25919,141.49461
fishing,宮城県,長面漁港,河北町,38.56287,141.4751,38.56287,141.4751
fishing,宮城県,閖上漁港,閖上,38.17535,140.96558,38.17535,140.96558
fishing,宮城県,雄勝漁港,雄勝町雄勝湾,38.51728,141.46967,38.51728,141.46967
fishing,宮城県,韮浜漁港,歌津町,38.691,141.5062,38.691,141.5062
fishing,宮城県,須賀漁港,塩竈市 塩釜市第一,38.33964,141.04098,38.33964,141.04098
fishing,宮城県,飯子浜漁港,女川町,38.39901,141.48082,38.39901,141.48082
fishing,宮城県,館浜漁港,歌津町,38.71377,141.56218,38.71377,141.56218
fishing,宮城県,館浜漁港,歌津町,38.71018,141.53519,38.71018,141.53519
fishing,宮城県,館漁港,唐桑町,38.95125,141.6334,38.95125,141.6334
fishing,宮城県,馬場(唐桑)漁港,唐桑町,38.90293,141.65146,38.90293,141.65146
fishing,宮城県,駒形漁港,気仙沼地区,38.84079,141.6163,38.84079,141.6163
fishing,宮城県,高城漁港,松島町,38.37658,141.06931,38.37658,141.06931
fishing,宮城県,鮎川漁港,牡鹿,38.29455,141.50666,38.29455,141.50666
fishing,宮城県,鮪立漁港,唐桑町,38.88932,141.64091,38.88932,141.64091
fishing,宮城県,鮫ノ浦(大原)漁港,鮫浦,38.38215,141.48872,38.38215,141.48872
fishing,宮城県,鶴ヶ浦漁港,気仙沼地区,38.8825,141.61165,38.8825,141.61165
port,秋田県,戸賀港,秋田県,39.95575,139.70379,39.95575,139.70379
port,秋田県,本荘港,秋田県,39.38929,140.01175,39.38929,140.01175
port,秋田県,秋田港,秋田県,39.76228,140.0269,39.76228,140.0269
port,秋田県,能代港,秋田県,40.21058,139.98387,40.21058,139.98387
port,秋田県,船川港,秋田県,39.87207,139.86768,39.87207,139.86768
fishing,秋田県,五里合漁港,秋田県,39.98782,139.86795,39.98782,139.86795
fishing,秋田県,八森漁港,秋田県,40.36759,140.00127,40.36759,140.00127
fishing,秋田県,八郎湖漁港,秋田県,39.94831,140.05627,39.94831,140.05627
fishing,秋田県,加茂漁港,秋田県,39.9083,139.72957,39.9083,139.72957
fishing,秋田県,北浦漁港,秋田県,39.96256,139.79411,39.96256,139.79411
fishing,秋田県,小砂川漁港,秋田県,39.12799,139.86813,39.12799,139.86813
fishing,秋田県,岩館漁港,秋田県,40.39512,139.96134,40.39512,139.96134
fishing,秋田県,平沢漁港,秋田県,39.29948,139.95287,39.29948,139.95287
fishing,秋田県,本荘漁港,秋田県,39.38989,140.03538,39.38989,140.03538
fishing,秋田県,松ヶ崎漁港,秋田県,39.50554,140.04258,39.50554,140.04258
fishing,秋田県,椿(船川港)漁港,秋田県,39.85798,139.77778,39.85798,139.77778
fishing,秋田県,湯之尻漁港,秋田県,39.97795,139.76036,39.97795,139.76036
fishing,秋田県,潟上漁港,秋田県,39.88638,139.97282,39.88638,139.97282
fishing,秋田県,畠漁港,秋田県,40.00149,139.71136,40.00149,139.71136
fishing,秋田県,脇本漁港,秋田県,39.89751,139.89632,39.89751,139.89632
fishing,秋田県,船越漁港,秋田県,39.90276,139.95539,39.90276,139.95539
fishing,秋田県,若美漁港,秋田県,40.03001,139.91124,40.03001,139.91124
fishing,秋田県,西目漁港,秋田県,39.33988,139.99309,39.33988,139.99309
fishing,秋田県,象潟漁港,秋田県,39.21233,139.88492,39.21233,139.88492
fishing,秋田県,道川漁港,秋田県,39.54191,140.04882,39.54191,140.04882
fishing,秋田県,金浦漁港,秋田県,39.25355,139.90484,39.25355,139.90484
fishing,秋田県,門前漁港,秋田県,39.86283,139.75235,39.86283,139.75235
port,山形県,加茂港,山形県,38.76748,139.73052,38.76748,139.73052
port,山形県,酒田港,山形県,38.93565,139.80468,38.93565,139.80468
port,山形県,鼠ヶ関港,山形県,38.56074,139.54421,38.56074,139.54421
fishing,山形県,三瀬漁港,山形県,38.70633,139.66024,38.70633,139.66024
fishing,山形県,吹浦漁港,山形県,39.0679,139.8704,39.0679,139.8704
fishing,山形県,堅苔沢漁港,山形県,38.6865,139.62959,38.6865,139.62959
fishing,山形県,大岩川漁港,山形県,38.61102,139.57535,38.61102,139.57535
fishing,山形県,女鹿漁港,山形県,39.10465,139.87637,39.10465,139.87637
fishing,山形県,小岩川漁港,山形県,38.59025,139.56283,38.59025,139.56283
fishing,山形県,小波渡漁港,山形県,38.69206,139.64498,38.69206,139.64498
fishing,山形県,早田漁港,山形県,38.57423,139.55491,38.57423,139.55491
fishing,山形県,暮坪漁港,山形県,38.64526,139.5958,38.64526,139.5958
fishing,山形県,油戸漁港,山形県,38.74467,139.70834,38.74467,139.70834
fishing,山形県,温福漁港,山形県,38.63102,139.5887,38.63102,139.5887
fishing,山形県,由良漁港,山形県,38.71761,139.67886,38.71761,139.67886
fishing,山形県,米子漁港,山形県,38.6388,139.59317,38.6388,139.59317
fishing,山形県,鈴漁港,山形県,38.6615,139.60637,38.6615,139.60637
fishing,山形県,飛島漁港,山形県,39.187,139.54857,39.187,139.54857
port,福島県,中之作港,福島県,36.95738,140.95322,36.95738,140.95322
port,福島県,久之浜港,福島県,37.14898,141.00689,37.14898,141.00689
port,福島県,小名浜港,福島県,36.92067,140.89055,36.92067,140.89055
port,福島県,江名港,福島県,36.96519,140.96418,36.96519,140.96418
port,福島県,湖南港,福島県,37.41457,140.11819,37.41457,140.11819
port,福島県,相馬港,福島県,37.85805,140.96546,37.85805,140.96546
port,福島県,翁島港,福島県,37.52142,140.04779,37.52142,140.04779
fishing,福島県,久之浜漁港,いわき市,37.14791,141.00275,37.14791,141.00275
fishing,福島県,勿来漁港,いわき市,36.86412,140.79496,36.86412,140.79496
fishing,福島県,四倉漁港,いわき市,37.10839,140.9991,37.10839,140.9991
fishing,福島県,富岡漁港,相馬双葉,37.33885,141.02995,37.33885,141.02995
fishing,福島県,小浜漁港,いわき市,36.91035,140.83634,36.91035,140.83634
fishing,福島県,小良ヶ浜漁港,福島県,37.36358,141.03936,37.36358,141.03936
fishing,福島県,松川浦漁港,相馬双葉,37.82719,140.98616,37.82719,140.98616
fishing,福島県,渋佐漁港,福島県,37.63591,141.02549,37.63591,141.02549
fishing,福島県,熊町漁港,福島県,37.38329,141.03829,37.38329,141.03829
fishing,福島県,真野川漁港,相馬双葉,37.68796,141.01477,37.68796,141.01477
fishing,福島県,請戸漁港,相馬双葉,37.48378,141.04319,37.48378,141.04319
fishing,福島県,豊間漁港,いわき市,36.99344,140.9807,36.99344,140.9807
fishing,福島県,釣師浜漁港,相馬双葉,37.87237,140.93976,37.87237,140.93976
port,茨城県,土浦港,茨城県,36.07987,140.21992,36.07987,140.21992
port,茨城県,川尻港,茨城県,36.64853,140.70075,36.64853,140.70075
port,茨城県,河原子港,茨城県,36.54336,140.64765,36.54336,140.64765
port,茨城県,潮来港,茨城県,35.93552,140.546,35.89552,140.546
port,茨城県,茨城港,茨城県,36.41722,140.62972,36.41722,140.62972
port,茨城県,軽野港,茨城県,35.86169,140.67058,35.86169,140.67058
port,茨城県,鹿島港,茨城県,35.94682,140.71467,35.94682,140.71467
fishing,茨城県,久慈漁港,久慈町 久慈浜丸小,28.22939,129.25261,28.22939,129.25261
fishing,茨城県,久慈漁港,瀬戸内,36.49834,140.63143,36.49834,140.63143
fishing,茨城県,五町田漁港,麻生町,36.0521,140.4378,36.0521,140.5178
fishing,茨城県,会瀬漁港,会瀬,36.57951,140.66376,36.57951,140.66376
fishing,茨城県,大津漁港,大津,36.82601,140.79207,36.82601,140.79207
fishing,茨城県,太田漁港,常陸川,35.81881,140.7364,35.81881,140.7364
fishing,茨城県,安中漁港,美浦村安中,36.07988,140.2756,36.07988,140.2756
fishing,茨城県,小高漁港,麻生町,36.0671,140.38975,36.0671,140.50975
fishing,茨城県,平潟漁港,平潟,36.85078,140.80114,36.85078,140.80114
fishing,茨城県,広浦漁港,大涸沼,36.2668,140.54168,36.2668,140.54168
fishing,茨城県,志戸崎漁港,霞ヶ浦町,36.00878,140.47197,36.00878,140.51197
fishing,茨城県,手賀漁港,玉造,36.036,140.4778,36.036,140.5178
fishing,茨城県,日高漁港,川尻,36.61716,140.6863,36.61716,140.6863
fishing,茨城県,木原漁港,美浦村,36.0396,140.28615,36.0396,140.28615
fishing,茨城県,松川漁港,大涸沼,36.27375,140.52612,36.27375,140.52612
fishing,茨城県,水木漁港,久慈浜丸小,36.51516,140.63634,36.51516,140.63634
fishing,茨城県,沖宿漁港,土浦第一,36.01211,140.34476,36.01211,140.34476
fishing,茨城県,波崎漁港,波崎 波崎共栄,35.75291,140.84295,35.75291,140.84295
fishing,茨城県,牛渡漁港,霞ヶ浦町,36.06099,140.3367,36.06099,140.3367
fishing,茨城県,白浜漁港,きたうら広域,36.06072,140.53169,36.06072,140.53169
fishing,茨城県,磯崎漁港,磯崎,36.38445,140.62854,36.38445,140.62854
fishing,茨城県,磯浜漁港,大洗町,36.29993,140.59229,36.29993,140.59229
fishing,茨城県,荒宿漁港,玉造,36.0496,140.44447,36.0496,140.52447
fishing,茨城県,那珂湊漁港,那珂湊,36.33777,140.5996,36.33777,140.5996
fishing,茨城県,麻生漁港,麻生町,35.99433,140.47253,36.03433,140.51253
port,千葉県,上総湊港,千葉県,35.22297,139.86137,35.22297,139.86137
port,千葉県,千葉港,千葉県,35.57307,140.00355,35.57307,140.00355
port,千葉県,名洗港,千葉県,35.70236,140.83317,35.70236,140.83317
port,千葉県,木更津港,千葉県,35.38509,139.82814,35.38509,139.82814
port,千葉県,浜金谷港,千葉県,35.17198,139.81208,35.17198,139.81208
port,千葉県,興津港,千葉県,35.1294,140.25276,35.1294,140.25276
port,千葉県,館山港,千葉県,34.99771,139.84157,34.99771,139.84157
fishing,千葉県,七浦漁港,房州ちくら,34.93194,139.954,34.93194,139.954
fishing,千葉県,下原漁港,西岬,34.97856,139.8111,34.97856,139.8111
fishing,千葉県,串浜漁港,新勝浦市,35.14942,140.29674,35.14942,140.29674
fishing,千葉県,乙浜漁港,白浜町,34.91083,139.92567,34.91083,139.92567
fishing,千葉県,伊戸漁港,西岬,34.95499,139.77179,34.95499,139.77179
fishing,千葉県,佐貫漁港,大佐和,35.251,139.86547,35.251,139.86547
fishing,千葉県,保田漁港,鋸南町保田,35.12997,139.83761,35.12997,139.83761
fishing,千葉県,勝山漁港,鋸南町勝山,35.11053,139.82678,35.11053,139.82678
fishing,千葉県,勝浦東部漁港,新勝浦市,35.15526,140.33063,35.15526,140.33063
fishing,千葉県,勝浦漁港,勝浦,35.14554,140.31224,35.14554,140.31224
fishing,千葉県,千倉漁港,房州ちくら,34.95694,139.964,34.95694,139.964
fishing,千葉県,南無谷漁港,富浦町,35.06746,139.82108,35.06746,139.82108
fishing,千葉県,名倉漁港,白浜町,34.90639,139.90817,34.90639,139.90817
fishing,千葉県,和田漁港,和田町,35.0361,140.01371,35.0361,140.01371
fishing,千葉県,坂田漁港,西岬,34.97637,139.77457,34.97637,139.77457
fishing,千葉県,外川漁港,銚子市,35.69632,140.8514,35.69632,140.8514
fishing,千葉県,多田良漁港,富浦町,35.03276,139.82845,35.03276,139.82845
fishing,千葉県,大原漁港,夷隅東部,35.25442,140.4034,35.25442,140.4034
fishing,千葉県,大川漁港,房州ちくら,34.92805,139.94817,34.92805,139.94817
fishing,千葉県,大沢漁港,新勝浦市,35.11637,140.22036,35.11637,140.22036
fishing,千葉県,大貫漁港,大佐和,35.27745,139.85094,35.27745,139.85094
fishing,千葉県,天津漁港,天津小湊町,35.12248,140.15981,35.12248,140.15981
fishing,千葉県,天面漁港,鴨川市,35.06915,140.08343,35.06915,140.08343
fishing,千葉県,太夫崎漁港,鴨川市,35.06272,140.07915,35.06272,140.07915
fishing,千葉県,太東漁港,夷隅東部,35.32885,140.40228,35.32885,140.40228
fishing,千葉県,守谷漁港,新勝浦市,35.13665,140.25675,35.13665,140.25675
fishing,千葉県,富崎漁港,館山市布良 館山市相浜,34.92182,139.82348,34.92182,139.82348
fishing,千葉県,富津漁港,富津 富津市下州 新富津,35.31961,139.81165,35.31961,139.81165
fishing,千葉県,富浦漁港,富浦町,35.03887,139.82207,35.03887,139.82207
fishing,千葉県,小浦漁港,富山町,35.07906,139.83674,35.07906,139.83674
fishing,千葉県,小湊漁港,天津小湊町,35.12026,140.1962,35.12026,140.1962
fishing,千葉県,小糸川漁港,富津 新富津,35.34772,139.85566,35.34772,139.85566
fishing,千葉県,岩井袋漁港,鋸南町勝山,35.10164,139.82873,35.10164,139.82873
fishing,千葉県,岩和田漁港,御宿岩和田,35.1797,140.36618,35.1797,140.36618
fishing,千葉県,岩船漁港,夷隅東部,35.20859,140.39256,35.20859,140.39256
fishing,千葉県,川下漁港,白浜町,34.90361,139.87096,34.90361,139.87096
fishing,千葉県,川口漁港,房州ちくら,34.93833,139.96039,34.93833,139.96039
fishing,千葉県,川名漁港,西岬,34.96124,139.75737,34.96124,139.75737
fishing,千葉県,市川漁港,市川市行徳 南行徳,35.66686,139.93481,35.66686,139.93481
fishing,千葉県,平磯漁港,房州ちくら,34.93611,139.95761,34.93611,139.95761
fishing,千葉県,御宿漁港,御宿岩和田,35.1778,140.34868,35.1778,140.34868
fishing,千葉県,忽戸漁港,房州ちくら,34.9461,139.964,34.9461,139.964
fishing,千葉県,松部漁港,新勝浦市,35.14181,140.29126,35.14181,140.29126
fishing,千葉県,栄の浦漁港,西岬,34.97582,139.76068,34.97582,139.76068
fishing,千葉県,栗山川漁港,横芝町 蓮沼村,35.64196,140.58195,35.64196,140.58195
fishing,千葉県,江見漁港,鴨川市,35.05877,140.06208,35.05877,140.06208
fishing,千葉県,波左間漁港,波左間,34.97415,139.7829,34.97415,139.7829
fishing,千葉県,洲崎漁港,西岬,34.96943,139.75485,34.96943,139.75485
fishing,千葉県,浜波太漁港,鴨川市,35.0772,140.10176,35.0772,140.10176
fishing,千葉県,浜荻漁港,天津小湊町,35.11879,140.14242,35.11879,140.14242
fishing,千葉県,浜行川漁港,新勝浦市,35.12156,140.23518,35.12156,140.23518
fishing,千葉県,浦安漁港,富津,35.65186,139.90203,35.65186,139.90203
fishing,千葉県,片貝漁港,九十九里町,35.53546,140.46534,35.53546,140.46534
fishing,千葉県,牛込漁港,牛込,35.44327,139.93954,35.44327,139.93954
fishing,千葉県,白子漁港,房州ちくら,34.98527,139.97094,34.98527,139.97094
fishing,千葉県,白浜西部漁港,白浜町,34.90361,139.84179,34.90361,139.84179
fishing,千葉県,白間津漁港,房州ちくら,34.92416,139.9415,34.92416,139.9415
fishing,千葉県,竹岡漁港,天羽,35.20946,139.83985,35.20946,139.83985
fishing,千葉県,船形漁港,館山船形,35.0247,139.84679,35.0247,139.84679
fishing,千葉県,萩生漁港,天羽,35.19885,139.82734,35.19885,139.82734
fishing,千葉県,見物漁港,西岬,34.97415,139.79318,34.97415,139.79318
fishing,千葉県,野島漁港,白浜町,34.90555,139.89373,34.90555,139.89373
fishing,千葉県,金田漁港,金田,35.42883,139.90288,35.42883,139.90288
fishing,千葉県,金谷漁港,天羽,35.16358,139.82067,35.16358,139.82067
fishing,千葉県,銚子漁港,銚子市,35.74298,140.86362,35.74298,140.86362
fishing,千葉県,飯岡漁港,海匝,35.69188,140.73224,35.69188,140.73224
fishing,千葉県,高崎漁港,富山町,35.08407,139.84028,35.08407,139.84028
fishing,千葉県,鴨川漁港,鴨川市,35.09498,140.1062,35.09498,140.1062
fishing,千葉県,鵜原漁港,新勝浦市,35.13364,140.28421,35.13364,140.28421
facility,千葉県,富津公園(富津岬),,35.31,139.83,35.31,139.83
port,東京都,三池港,東京都,34.08302,139.5633,34.08302,139.5633
port,東京都,二見港,東京都,27.08299,142.19535,27.08299,142.19535
port,東京都,元町港,東京都,34.75157,139.34779,34.75157,139.34779
port,東京都,八重根港,東京都,33.09569,139.76884,33.09569,139.76884
port,東京都,利島港,東京都,34.53515,139.28152,34.53515,139.28152
port,東京都,大久保港,東京都,34.12293,139.51397,34.12293,139.51397
port,東京都,大千代港,東京都,32.45757,139.7808,32.45757,139.7808
port,東京都,岡田港,東京都,34.79266,139.38732,34.79266,139.38732
port,東京都,式根島港,東京都,34.31707,139.22185,34.31707,139.22185
port,東京都,御蔵島港,東京都,33.89805,139.58855,33.89805,139.58855
port,東京都,新島港,東京都,34.37452,139.24625,34.37452,139.24625
port,東京都,東京港,東京都,35.57386,139.80492,35.57386,139.80492
port,東京都,沖港,東京都,26.6375,142.16,26.6375,142.16
port,東京都,波浮港,東京都,34.68294,139.4424,34.68294,139.4424
port,東京都,神津島港,東京都,34.20617,139.12748,34.20617,139.12748
port,東京都,神湊港,東京都,33.12383,139.81888,33.12383,139.81888
port,東京都,青ヶ島港,東京都,32.44588,139.75946,32.44588,139.75946
fishing,東京都,ナツマド漁港,八丈島,33.14463,139.73881,33.14463,139.73881
fishing,東京都,三浦漁港,神津島,34.20061,139.15493,34.20061,139.15493
fishing,東京都,中之郷漁港,八丈島,33.05881,139.81492,33.05881,139.81492
fishing,東京都,二見漁港,小笠原島,27.09392,142.20304,27.09392,142.20304
fishing,東京都,伊ヶ谷漁港,三宅島,34.10417,139.49282,34.10417,139.49282
fishing,東京都,元町漁港,元町,34.7475,139.35267,34.7475,139.35267
fishing,東京都,八重根漁港,八丈島,33.09852,139.77607,33.09852,139.77607
fishing,東京都,出鼻漁港,八丈島,33.15792,139.75162,33.15792,139.75162
fishing,東京都,坪田漁港,三宅島,34.0567,139.54446,34.0567,139.54446
fishing,東京都,大久保漁港,三宅島,34.12262,139.50777,34.12262,139.50777
fishing,東京都,宇津木漁港,東京都,33.13467,139.67897,33.13467,139.67897
fishing,東京都,小浜漁港,にいじま,34.3306,139.2227,34.3306,139.2227
fishing,東京都,岡田漁港,伊豆大島,34.79052,139.3862,34.79052,139.3862
fishing,東京都,差木地漁港,伊豆大島,34.6814,139.41295,34.6814,139.41295
fishing,東京都,母島漁港,小笠原母島,26.64035,142.15855,26.64035,142.15855
fishing,東京都,泉津漁港,伊豆大島,34.78416,139.41461,34.78416,139.41461
fishing,東京都,洞輪沢漁港,八丈島,33.0752,139.83991,33.0752,139.83991
fishing,東京都,湯の浜漁港,三宅島,34.12452,139.53212,34.12452,139.53212
fishing,東京都,神湊漁港,八丈島,33.13047,139.80575,33.13047,139.80575
fishing,東京都,羽伏漁港,にいじま,34.39615,139.28269,34.39615,139.28269
fishing,東京都,若郷漁港,にいじま,34.41615,139.27519,34.41615,139.27519
fishing,東京都,野伏漁港,にいじま,34.33365,139.2152,34.33365,139.2152
fishing,東京都,野増漁港,伊豆大島,34.73139,139.35351,34.73139,139.35351
fishing,東京都,阿古漁港,三宅島,34.06931,139.47885,34.06931,139.47885
fishing,東京都,鳥打漁港,東京都,33.11713,139.70195,33.11713,139.70195
facility,東京都,城南島海浜公園,,35.585,139.7745,35.585,139.7745
facility,東京都,若洲海浜公園(釣り施設),,35.6205,139.8365,35.6205,139.8365
facility,東京都,葛西臨海公園,,35.6415,139.859,35.6415,139.859
port,神奈川県,大磯港,神奈川県,35.30528,139.32041,35.30528,139.32041
port,神奈川県,川崎港,川崎市,35.4871,139.77427,35.4871,139.77427
port,神奈川県,横浜港,横浜市,35.41591,139.69346,35.41591,139.69346
port,神奈川県,横須賀港,横須賀市,35.28643,139.70444,35.28643,139.70444
port,神奈川県,湘南港,神奈川県,35.3001,139.48754,35.3001,139.48754
port,神奈川県,真鶴港,神奈川県,35.14948,139.15006,35.14948,139.15006
port,神奈川県,葉山港,神奈川県,35.28276,139.56588,35.28276,139.56588
fishing,神奈川県,三崎漁港,みうら 城ヶ島 諸磯,35.13857,139.6193,35.13857,139.6193
fishing,神奈川県,久留和漁港,横須賀市大楠,35.24578,139.59152,35.24578,139.59152
fishing,神奈川県,二宮漁港,二宮町,35.29188,139.24849,35.29188,139.24849
fishing,神奈川県,佐島漁港,横須賀市大楠,35.22301,139.60596,35.22301,139.60596
fishing,神奈川県,初声漁港,初声,35.17218,139.61847,35.17218,139.61847
fishing,神奈川県,北下浦漁港,横須賀市東部 上宮田,35.19912,139.67509,35.19912,139.67509
fishing,神奈川県,吉浜漁港,吉浜,35.14941,139.12572,35.14941,139.12572
fishing,神奈川県,小坪漁港,小坪,35.2955,139.55652,35.2955,139.55652
fishing,神奈川県,小田原漁港,小田原市,35.23966,139.14739,35.23966,139.14739
fishing,神奈川県,岩漁港,岩,35.16234,139.14219,35.16234,139.14219
fishing,神奈川県,平塚漁港,平塚市,35.31383,139.36515,35.31383,139.36515
fishing,神奈川県,柴漁港,横浜市,35.34355,139.63985,35.34355,139.63985
fishing,神奈川県,毘沙門漁港,みうら,35.14052,139.65069,35.14052,139.65069
fishing,神奈川県,江之浦漁港,小田原市,35.19189,139.13823,35.19189,139.13823
fishing,神奈川県,片瀬漁港,江の島片瀬 藤沢市,35.30276,139.4785,35.30276,139.4785
fishing,神奈川県,真名瀬漁港,葉山町,35.26911,139.56902,35.26911,139.56902
fishing,神奈川県,石橋漁港,小田原市,35.22584,139.14222,35.22584,139.14222
fishing,神奈川県,福浦漁港,福浦,35.15023,139.13184,35.15023,139.13184
fishing,神奈川県,秋谷漁港,横須賀市大楠,35.23523,139.5993,35.23523,139.5993
fishing,神奈川県,米神漁港,小田原市,35.2155,139.14211,35.2155,139.14211
fishing,神奈川県,腰越漁港,腰越,35.30689,139.49208,35.30689,139.49208
fishing,神奈川県,茅ヶ崎漁港,茅ヶ崎市,35.31549,139.39765,35.31549,139.39765
fishing,神奈川県,金沢漁港,横浜市,35.33355,139.63623,35.33355,139.63623
fishing,神奈川県,金田漁港,みうら,35.15941,139.66513,35.15941,139.66513
fishing,神奈川県,長井漁港,長井町,35.20718,139.60958,35.20718,139.60958
fishing,神奈川県,間口漁港,みうら,35.14469,139.67707,35.14469,139.67707
facility,神奈川県,大黒海づり施設,,35.4655,139.6825,35.4655,139.6825
facility,神奈川県,本牧海づり施設,,35.42,139.678,35.42,139.678
facility,神奈川県,横須賀うみかぜ公園,,35.286,139.669,35.286,139.669
facility,神奈川県,磯子海づり施設,,35.383,139.638,35.383,139.638
facility,神奈川県,福浦岸壁釣り施設,,35.33,139.634,35.33,139.634
port,新潟県,両津港,新潟県,38.08934,138.45762,38.08934,138.45762
port,新潟県,二見港,新潟県,37.97115,138.26703,37.97115,138.26703
port,新潟県,姫川港,新潟県,37.04802,137.84594,37.04802,137.84594
port,新潟県,寺泊港,新潟県,37.6442,138.75765,37.6442,138.75765
port,新潟県,小木港,新潟県,37.8149,138.29095,37.8149,138.29095
port,新潟県,岩船港,新潟県,38.19964,139.42348,38.19964,139.42348
port,新潟県,新潟港,新潟県,37.99014,139.15276,37.99014,139.15276
port,新潟県,柏崎港,新潟県,37.37273,138.52986,37.37273,138.52986
port,新潟県,直江津港,新潟県,37.20231,138.2541,37.20231,138.2541
port,新潟県,赤泊港,新潟県,37.86771,138.41171,37.86771,138.41171
fishing,新潟県,上浦漁港,大分県,37.8342,138.36427,37.8342,138.36427
fishing,新潟県,上越市大潟漁港,才浜,37.23648,138.33036,37.23648,138.33036
fishing,新潟県,上越市柿崎漁港,柿崎町,37.2708,138.3746,37.2708,138.3746
fishing,新潟県,両津漁港,佐渡 加茂湖,38.08987,138.43569,38.08987,138.43569
fishing,新潟県,中浜漁港,山北町,38.55249,139.54739,38.55249,139.54739
fishing,新潟県,亀脇漁港,佐渡,37.87404,138.28416,37.87404,138.28416
fishing,新潟県,入桑漁港,佐渡,38.07787,138.53424,38.07787,138.53424
fishing,新潟県,内岬漁港,佐渡,37.81637,138.21528,37.81637,138.21528
fishing,新潟県,出雲崎漁港,出雲崎,37.54539,138.68572,37.54539,138.68572
fishing,新潟県,北小浦漁港,内海府,38.27507,138.509,38.27507,138.509
fishing,新潟県,北狄漁港,佐渡,38.09413,138.25459,38.09413,138.25459
fishing,新潟県,北狄漁港,佐渡,38.11952,138.27235,38.11952,138.27235
fishing,新潟県,名立漁港,名立,37.1679,138.08814,37.1679,138.08814
fishing,新潟県,和木漁港,内浦,38.16292,138.46317,38.16292,138.46317
fishing,新潟県,多田漁港,佐渡,37.91101,138.48123,37.91101,138.48123
fishing,新潟県,大和川漁港,上越,37.05706,137.89642,37.05706,137.89642
fishing,新潟県,大川漁港,佐渡,38.08112,138.54663,38.08112,138.54663
fishing,新潟県,大立漁港,佐渡,37.92544,138.29402,37.92544,138.29402
fishing,新潟県,姫津漁港,姫津 佐渡,38.08345,138.24017,38.08345,138.24017
fishing,新潟県,寝屋漁港,山北町,38.48504,139.50801,38.48504,139.50801
fishing,新潟県,小木漁港,佐渡,37.81436,138.27444,37.81436,138.27444
fishing,新潟県,小木漁港,佐渡,37.80307,138.25034,37.80307,138.25034
fishing,新潟県,巻漁港,西蒲,37.81013,138.83401,37.81013,138.83401
fishing,新潟県,市振漁港,青海町,36.9837,137.65359,36.9837,137.65359
fishing,新潟県,府屋漁港,山北町,38.50903,139.5239,38.50903,139.5239
fishing,新潟県,新川漁港,五十嵐浜,32.90334,130.47823,32.90334,130.47823
fishing,新潟県,新川漁港,岱明,37.8663,138.92202,37.8663,138.92202
fishing,新潟県,有間川漁港,直江津,37.16482,138.14005,37.16482,138.14005
fishing,新潟県,松塚漁港,北蒲原,38.04254,139.30332,38.04254,139.30332
fishing,新潟県,松浜漁港,松浜,37.95463,139.137,37.95463,139.137
fishing,新潟県,桑川漁港,山北町,38.381,139.45931,38.381,139.45931
fishing,新潟県,椎泊漁港,佐渡,38.07215,138.50106,38.07215,138.50106
fishing,新潟県,水津漁港,水津,38.07439,138.57148,38.07439,138.57148
fishing,新潟県,水津漁港,水津,38.04932,138.56455,38.04932,138.56455
fishing,新潟県,江積漁港,佐渡,37.83617,138.22437,37.83617,138.22437
fishing,新潟県,江積漁港,佐渡,37.83866,138.24285,37.83866,138.24285
fishing,新潟県,沢根漁港,佐渡,38.00571,138.28291,38.00571,138.28291
fishing,新潟県,浦川漁港,内浦,38.20142,138.48949,38.20142,138.48949
fishing,新潟県,浦本漁港,上越,37.07059,137.92783,37.07059,137.92783
fishing,新潟県,片辺漁港,高千,38.15228,138.30038,38.15228,138.30038
fishing,新潟県,白瀬漁港,内浦,38.14054,138.45024,38.14054,138.45024
fishing,新潟県,相川漁港,相川,38.04131,138.23422,38.04131,138.23422
fishing,新潟県,相川漁港,相川,38.02292,138.22523,38.02292,138.22523
fishing,新潟県,真更川漁港,佐渡,38.29089,138.44156,38.29089,138.44156
fishing,新潟県,真野漁港,佐渡,37.95769,138.33525,37.95769,138.33525
fishing,新潟県,石地漁港,出雲崎,37.51883,138.65456,37.51883,138.65456
fishing,新潟県,稲鯨漁港,佐渡,37.97349,138.23653,37.97349,138.23653
fishing,新潟県,笠島漁港,柏崎,37.3369,138.46653,37.3369,138.46653
fishing,新潟県,筒石漁港,上越,37.13667,138.05345,37.13667,138.05345
fishing,新潟県,粟島漁港,粟島浦,38.46679,139.2553,38.46679,139.2553
fishing,新潟県,羽吉漁港,羽吉浜,38.12055,138.43828,38.12055,138.43828
fishing,新潟県,羽茂漁港,佐渡,37.82545,138.33528,37.82545,138.33528
fishing,新潟県,羽茂漁港,佐渡,37.82347,138.30371,37.82347,138.30371
fishing,新潟県,能生漁港,上越,37.11006,137.99417,37.11006,137.99417
fishing,新潟県,脇川漁港,山北町,38.43518,139.48202,38.43518,139.48202
fishing,新潟県,荒川漁港,村上市岩船港,38.15221,139.40751,38.15221,139.40751
fishing,新潟県,荒浜漁港,柏崎,37.40849,138.57527,37.40849,138.57527
fishing,新潟県,西三川漁港,佐渡,37.8985,138.28708,37.8985,138.28708
fishing,新潟県,親不知漁港,青海町,37.00464,137.72841,37.00464,137.72841
fishing,新潟県,豊岡漁港,水津,37.97685,138.52118,37.97685,138.52118
fishing,新潟県,赤泊漁港,佐渡,37.87086,138.41545,37.87086,138.41545
fishing,新潟県,釜谷漁港,粟島浦,38.44779,139.22179,38.44779,139.22179
fishing,新潟県,間瀬漁港,西蒲,37.74131,138.79621,37.74131,138.79621
fishing,新潟県,関漁港,佐渡,38.25291,138.41345,38.25291,138.41345
fishing,新潟県,高千漁港,高千,38.19858,138.33885,38.19858,138.33885
fishing,新潟県,高千漁港,高千,38.22671,138.37428,38.22671,138.37428
fishing,新潟県,高千漁港,高千,38.17835,138.31485,38.17835,138.31485
fishing,新潟県,高浜漁港,柏崎,37.48143,138.61669,37.48143,138.61669
fishing,新潟県,高瀬漁港,佐渡,37.99278,138.23445,37.99278,138.23445
fishing,新潟県,鬼舞漁港,上越,37.09285,137.9661,37.09285,137.9661
fishing,新潟県,鯨波漁港,柏崎,37.3566,138.50989,37.3566,138.50989
fishing,新潟県,鷲崎漁港,内海府,38.31996,138.51797,38.31996,138.51797
fishing,新潟県,黒姫漁港,内海府,38.22636,138.49617,38.22636,138.49617
port,富山県,伏木富山港,富山県,36.78894,137.14144,36.78894,137.14144
port,富山県,魚津港,富山県,36.81281,137.39005,36.81281,137.39005
fishing,富山県,入善漁港,入善,36.92498,137.42692,36.92498,137.42692
fishing,富山県,四方漁港,とやま市,36.76041,137.1924,36.76041,137.1924
fishing,富山県,大境漁港,氷見,36.92112,137.02969,36.92112,137.02969
fishing,富山県,女良漁港,氷見,36.95052,137.04028,36.95052,137.04028
fishing,富山県,宇波漁港,氷見,36.91068,137.02028,36.91068,137.02028
fishing,富山県,宮崎漁港,朝日町 泊,36.97444,137.5864,36.97444,137.5864
fishing,富山県,新湊漁港,新湊,36.7856,137.0882,36.7856,137.0882
fishing,富山県,水橋漁港,とやま市,36.76017,137.3048,36.76017,137.3048
fishing,富山県,氷見漁港,氷見,36.86074,136.99506,36.86074,136.99506
fishing,富山県,滑川漁港,滑川,36.7764,137.3445,36.7764,137.3445
fishing,富山県,石田漁港,くろべ,36.86437,137.41252,36.86437,137.41252
fishing,富山県,経田漁港,魚津,36.85332,137.41192,36.85332,137.41192
fishing,富山県,薮田漁港,氷見,36.89271,137.00633,36.89271,137.00633
fishing,富山県,阿尾漁港,氷見,36.88327,136.99556,36.88327,136.99556
fishing,富山県,高月漁港,滑川,36.75937,137.31976,36.75937,137.31976
fishing,富山県,黒部漁港,くろべ,36.88972,137.41451,36.88972,137.41451
port,石川県,七尾港,石川県,37.09103,136.99121,37.09103,136.99121
port,石川県,半ノ浦港,七尾市,37.11655,136.9349,37.11655,136.9349
port,石川県,和倉港,七尾市,37.09263,136.9155,37.09263,136.9155
port,石川県,塩屋港,石川県,36.30068,136.24374,36.30068,136.24374
port,石川県,宇出津港,石川県,37.2969,137.15363,37.2969,137.15363
port,石川県,小木港,石川県,37.29573,137.2359,37.29573,137.2359
port,石川県,滝港,石川県,36.91987,136.75396,36.91987,136.75396
port,石川県,福浦港,石川県,37.08476,136.72249,37.08476,136.72249
port,石川県,穴水港,石川県,37.21903,136.91829,37.21903,136.91829
port,石川県,輪島港,石川県,37.40425,136.9137,37.40425,136.9137
port,石川県,金沢港,石川県,36.61432,136.58348,36.61432,136.58348
port,石川県,飯田港,石川県,37.43398,137.26562,37.43398,137.26562
fishing,石川県,七海漁港,富来湾,37.12618,136.72706,37.12618,136.72706
fishing,石川県,七見漁港,能都町,37.259,137.09251,37.259,137.09251
fishing,石川県,三ヶ浦漁港,ななか,37.15288,136.9089,37.15288,136.9089
fishing,石川県,三ヶ浦漁港,ななか,37.14022,136.90473,37.14022,136.90473
fishing,石川県,三ヶ浦漁港,ななか,37.14383,136.90557,37.14383,136.90557
fishing,石川県,三室漁港,七尾,37.09967,137.01889,37.09967,137.01889
fishing,石川県,上佐佐波漁港,佐々波,37.00378,137.04805,37.00378,137.04805
fishing,石川県,下佐佐波漁港,佐々波,37.01218,137.04806,37.01218,137.04806
fishing,石川県,中島漁港,七尾西湾,37.11323,136.88437,37.11323,136.88437
fishing,石川県,中島漁港,七尾西湾,37.13466,136.87863,37.13466,136.87863
fishing,石川県,光浦漁港,輪島市,37.40691,136.87649,37.40691,136.87649
fishing,石川県,前波漁港,穴水町,37.21716,137.06999,37.21716,137.06999
fishing,石川県,剱地漁港,門前町,37.23239,136.70253,37.23239,136.70253
fishing,石川県,古君漁港,穴水町,37.23765,137.07323,37.23765,137.07323
fishing,石川県,名舟漁港,輪島市,37.43248,137.02293,37.43248,137.02293
fishing,石川県,向田漁港,ななか,37.13627,137.00164,37.13627,137.00164
fishing,石川県,大島漁港,高浜,36.98882,136.7668,36.98882,136.7668
fishing,石川県,大沢漁港,輪島市,37.37658,136.8014,37.37658,136.8014
fishing,石川県,宇加川漁港,穴水町,37.22739,137.0687,37.22739,137.0687
fishing,石川県,安宅漁港,小松市,36.42225,136.41736,36.42225,136.41736
fishing,石川県,安部屋漁港,志賀町,37.00651,136.75551,37.00651,136.75551
fishing,石川県,安部屋漁港,志賀町,37.01617,136.74204,37.01617,136.74204
fishing,石川県,富来漁港,石川とぎ,37.14391,136.69935,37.14391,136.69935
fishing,石川県,寺家漁港,すずし,37.50163,137.35181,37.50163,137.35181
fishing,石川県,小泊漁港,すずし,37.44714,137.35551,37.44714,137.35551
fishing,石川県,小浦漁港,能都町,37.29984,137.19046,37.29984,137.19046
fishing,石川県,岩車漁港,穴水町,37.21632,136.95584,37.21632,136.95584
fishing,石川県,庵漁港,ななか,37.03825,137.04747,37.03825,137.04747
fishing,石川県,新崎漁港,穴水町,37.20228,136.92376,37.20228,136.92376
fishing,石川県,曲漁港,ななか,37.14327,136.99099,37.14327,136.99099
fishing,石川県,曾曾木漁港,輪島市,37.45552,137.06847,37.45552,137.06847
fishing,石川県,曾良漁港,穴水町,37.19018,137.0171,37.19018,137.0171
fishing,石川県,東浜漁港,ななか,36.97793,137.05133,36.97793,137.05133
fishing,石川県,松波漁港,内浦,37.3577,137.24636,37.3577,137.24636
fishing,石川県,柴垣漁港,紫垣,36.95175,136.76025,36.95175,136.76025
fishing,石川県,橋立漁港,加賀市,36.35391,136.31593,36.35391,136.31593
fishing,石川県,比那漁港,内浦,37.34219,137.25949,37.34219,137.25949
fishing,石川県,江泊漁港,ななか,37.06832,137.05391,37.06832,137.05391
fishing,石川県,沖波漁港,穴水町,37.21065,137.05988,37.21065,137.05988
fishing,石川県,波並漁港,能都町,37.28793,137.11738,37.28793,137.11738
fishing,石川県,深見漁港,門前町,37.3059,136.72636,37.3059,136.72636
fishing,石川県,狼煙漁港,すずし,37.52574,137.32663,37.52574,137.32663
fishing,石川県,狼煙漁港,すずし,37.53114,137.26746,37.53114,137.26746
fishing,石川県,甲漁港,穴水町,37.20425,137.03261,37.20425,137.03261
fishing,石川県,白丸漁港,内浦,37.32787,137.26493,37.32787,137.26493
fishing,石川県,百海漁港,ななか,37.04837,137.04925,37.04837,137.04925
fishing,石川県,皆月漁港,門前町,37.35352,136.75446,37.35352,136.75446
fishing,石川県,真浦漁港,すずし,37.47157,137.09276,37.47157,137.09276
fishing,石川県,矢波漁港,能都町,37.27681,137.09918,37.27681,137.09918
fishing,石川県,石崎漁港,七尾,37.0725,136.93782,37.0725,136.93782
fishing,石川県,祖母ヶ浦漁港,ななか,37.16724,137.03442,37.16724,137.03442
fishing,石川県,美川漁港,美川,36.49031,136.4792,36.49031,136.4792
fishing,石川県,羽咋漁港,羽咋,36.90351,136.76543,36.90351,136.76543
fishing,石川県,羽根漁港,能都町,37.30023,137.17574,37.30023,137.17574
fishing,石川県,舳倉島漁港,輪島市,37.84958,136.91887,37.84958,136.91887
fishing,石川県,藤波漁港,能都町,37.29264,137.13548,37.29264,137.13548
fishing,石川県,蛸島漁港,すずし,37.43857,137.30685,37.43857,137.30685
fishing,石川県,赤住漁港,志賀町,37.0485,136.73244,37.0485,136.73244
fishing,石川県,赤住漁港,志賀町,37.03467,136.74031,37.03467,136.74031
fishing,石川県,赤崎漁港,石川とぎ,37.16854,136.67392,37.16854,136.67392
fishing,石川県,赤神漁港,門前町,37.24984,136.70975,37.24984,136.70975
fishing,石川県,野崎漁港,ななか,37.12507,137.05056,37.12507,137.05056
fishing,石川県,長橋漁港,すずし,37.50047,137.15339,37.50047,137.15339
fishing,石川県,領家漁港,富来湾,37.13523,136.72618,37.13523,136.72618
fishing,石川県,高倉漁港,能都町,37.29502,137.21074,37.29502,137.21074
fishing,石川県,高浜漁港,高浜,37.00013,136.76356,37.00013,136.76356
fishing,石川県,鰀目漁港,ななか,37.15251,137.05262,37.15251,137.05262
fishing,石川県,鰀目漁港,ななか,37.16121,137.04579,37.16121,137.04579
fishing,石川県,鵜入漁港,輪島市,37.40127,136.85149,37.40127,136.85149
fishing,石川県,鵜川漁港,能都町,37.25326,137.08855,37.25326,137.08855
fishing,石川県,鵜浦漁港,ななか,37.09919,137.05205,37.09919,137.05205
fishing,石川県,鵜飼漁港,すずし,37.40198,137.24535,37.40198,137.24535
fishing,石川県,鹿波漁港,穴水町,37.19815,136.98681,37.19815,136.98681
fishing,石川県,鹿磯漁港,門前町,37.29381,136.72585,37.29381,136.72585
fishing,石川県,黒島漁港,門前町,37.28214,136.73224,37.28214,136.73224
fishing,石川県,黒崎漁港,ななか,36.99027,137.05335,36.99027,137.05335
port,福井県,内浦港,福井県,35.53229,135.49835,35.53229,135.49835
port,福井県,和田港,福井県,35.50094,135.57931,35.50094,135.57931
port,福井県,敦賀港,福井県,35.68991,136.0585,35.68991,136.0585
port,福井県,福井港,福井県,36.19702,136.10561,36.19702,136.10561
port,福井県,鷹巣港,福井県,36.13057,136.0539,36.13057,136.0539
fishing,福井県,上瀬漁港,若狭高浜,35.5512,135.47909,35.5512,135.47909
fishing,福井県,世久見漁港,若狭三方,35.57265,135.84887,35.57265,135.84887
fishing,福井県,丹生漁港,丹生,35.71119,135.97126,35.71119,135.97126
fishing,福井県,内外海漁港,小浜市,35.53097,135.79225,35.53097,135.79225
fishing,福井県,坂尻漁港,美浜,35.62253,135.96394,35.62253,135.96394
fishing,福井県,塩坂越漁港,若狭三方,35.5893,135.85696,35.5893,135.85696
fishing,福井県,大丹生漁港,福井市,36.07278,136.02499,36.07278,136.02499
fishing,福井県,大味漁港,越廼,36.04887,136.01528,36.04887,136.01528
fishing,福井県,大島漁港,大島,35.52537,135.64655,35.52537,135.64655
fishing,福井県,安島漁港,雄島,36.24415,136.12704,36.24415,136.12704
fishing,福井県,小川漁港,若狭三方,35.60596,135.84345,35.60596,135.84345
fishing,福井県,小浜漁港,小浜市,35.5022,135.73619,35.5022,135.73619
fishing,福井県,小黒飯漁港,若狭高浜,35.51394,135.51043,35.51394,135.51043
fishing,福井県,居倉漁港,越廼,36.0157,135.99225,36.0157,135.99225
fishing,福井県,崎漁港,雄島,36.25169,136.14428,36.25169,136.14428
fishing,福井県,左右漁港,越前町,35.99213,135.96388,35.99213,135.96388
fishing,福井県,常神漁港,若狭三方,35.63687,135.82265,35.63687,135.82265
fishing,福井県,日向漁港,日向,35.61294,135.89407,35.61294,135.89407
fishing,福井県,早瀬漁港,美浜,35.61419,135.90903,35.61419,135.90903
fishing,福井県,本郷漁港,大島,35.48316,135.62324,35.52316,135.62324
fishing,福井県,梶漁港,雄島,36.25268,136.15059,36.25268,136.15059
fishing,福井県,河野漁港,河野村,35.82324,136.07086,35.82324,136.07086
fishing,福井県,浜坂漁港,北潟,36.28725,136.25094,36.28725,136.25094
fishing,福井県,浦底漁港,敦賀市,35.73299,136.03369,35.73299,136.03369
fishing,福井県,犬見漁港,大島,35.4913,135.62189,35.5313,135.62189
fishing,福井県,玉川漁港,越前町,35.97135,135.96196,35.97135,135.96196
fishing,福井県,田烏漁港,小浜市,35.53748,135.83367,35.53748,135.83367
fishing,福井県,甲楽城漁港,河野村,35.83698,136.05161,35.83698,136.05161
fishing,福井県,白木漁港,敦賀市,35.73314,135.9755,35.73314,135.9755
fishing,福井県,白浜(国見)漁港,福井市,36.08254,136.02846,36.08254,136.02846
fishing,福井県,白浜(城崎)漁港,越前町,35.89733,135.99417,35.89733,135.99417
fishing,福井県,神子漁港,若狭三方,35.62042,135.83817,35.62042,135.83817
fishing,福井県,立石漁港,敦賀市,35.75613,136.02541,35.75613,136.02541
fishing,福井県,米の浦漁港,越前町,35.8871,135.99509,35.8871,135.99509
fishing,福井県,糠漁港,河野村,35.85056,136.03646,35.85056,136.03646
fishing,福井県,茂原漁港,越前町,35.90683,135.99572,35.90683,135.99572
fishing,福井県,茱崎漁港,越廼,36.04135,136.01106,36.04135,136.01106
fishing,福井県,菅浜漁港,菅浜,35.65508,135.97215,35.65508,135.97215
fishing,福井県,菅生漁港,福井市,36.10782,136.0454,36.10782,136.0454
fishing,福井県,越前漁港,越前町,35.93887,135.99258,35.93887,135.99258
fishing,福井県,長橋漁港,福井市,36.11393,136.04929,36.11393,136.04929
fishing,福井県,音海漁港,若狭高浜,35.5385,135.50565,35.5385,135.50565
fishing,福井県,高浜漁港,若狭高浜,35.49531,135.54944,35.53531,135.54944
fishing,福井県,鮎川漁港,福井市,36.08956,136.02999,36.08956,136.02999
fishing,福井県,鷹巣漁港,福井市,36.12901,136.056,36.12901,136.056
port,静岡県,下田港,静岡県,34.6671,138.95371,34.6671,138.95371
port,静岡県,伊東港,静岡県,34.97303,139.12778,34.97303,139.12778
port,静岡県,土肥港,静岡県,34.91175,138.7857,34.91175,138.7857
port,静岡県,大井川港,焼津市,34.78046,138.30496,34.78046,138.30496
port,静岡県,宇久須港,静岡県,34.85063,138.76974,34.85063,138.76974
port,静岡県,御前崎港,静岡県,34.63688,138.22401,34.63688,138.22401
port,静岡県,手石港,静岡県,34.6314,138.89418,34.6314,138.89418
port,静岡県,松崎港,静岡県,34.75871,138.76862,34.75871,138.76862
port,静岡県,榛原港,静岡県,34.72836,138.23187,34.72836,138.23187
port,静岡県,沼津港,静岡県,35.07779,138.85218,35.07779,138.85218
port,静岡県,浜名港,静岡県,34.67443,137.60449,34.67443,137.60449
port,静岡県,清水港,静岡県,35.0252,138.51083,35.0252,138.51083
port,静岡県,熱海港,静岡県,35.08167,139.0824,35.08167,139.1224
port,静岡県,田子の浦港,静岡県,35.13989,138.69436,35.13989,138.69436
port,静岡県,相良港,静岡県,34.6837,138.21418,34.6837,138.21418
fishing,静岡県,三坂漁港,南伊豆町,34.61528,138.82328,34.61528,138.82328
fishing,静岡県,下河津漁港,稲取,34.75277,139.00964,34.75277,139.00964
fishing,静岡県,下流漁港,南伊豆町,34.62417,138.87855,34.62417,138.87855
fishing,静岡県,井田漁港,戸田,35.00051,138.77882,35.00051,138.77882
fishing,静岡県,仁科漁港,仁科浜,34.7747,138.76939,34.7747,138.76939
fishing,静岡県,伊浜漁港,南伊豆町,34.6861,138.76411,34.6861,138.76411
fishing,静岡県,入出漁港,浜名,34.75106,137.52977,34.75106,137.52977
fishing,静岡県,八幡野漁港,伊東市,34.86915,139.10269,34.86915,139.10269
fishing,静岡県,八木沢漁港,土肥,34.8958,138.77299,34.8958,138.77299
fishing,静岡県,内浦漁港,内浦,35.02468,138.8977,35.02468,138.8977
fishing,静岡県,初島漁港,初島,35.04107,139.16545,35.04107,139.16545
fishing,静岡県,北川漁港,稲取,34.82915,139.07714,34.82915,139.07714
fishing,静岡県,吉佐美漁港,下田市,34.66,138.93354,34.66,138.93354
fishing,静岡県,吉田漁港,吉田町,34.75441,138.26827,34.75441,138.26827
fishing,静岡県,地頭方漁港,地頭方,34.62937,138.20213,34.62937,138.20213
fishing,静岡県,外浦漁港,下田市,34.67361,138.9752,34.67361,138.9752
fishing,静岡県,大川漁港,稲取,34.84081,139.07713,34.84081,139.07713
fishing,静岡県,大瀬漁港,南伊豆町,34.61389,138.85883,34.61389,138.85883
fishing,静岡県,妻良漁港,南伊豆町,34.66055,138.78939,34.66055,138.78939
fishing,静岡県,宇佐美漁港,伊東市,35.00802,139.09129,35.00802,139.09129
fishing,静岡県,安良里漁港,安良里,34.82637,138.76661,34.82637,138.76661
fishing,静岡県,富戸漁港,伊東市,34.89581,139.13268,34.89581,139.13268
fishing,静岡県,小下田漁港,土肥,34.87164,138.75772,34.87164,138.75772
fishing,静岡県,小稲漁港,南伊豆町,34.62611,138.88549,34.62611,138.88549
fishing,静岡県,岩地漁港,松崎町,34.73915,138.75744,34.73915,138.75744
fishing,静岡県,戸田漁港,戸田,34.9719,138.7766,34.9719,138.7766
fishing,静岡県,村櫛漁港,浜名,34.71079,137.58921,34.71079,137.58921
fishing,静岡県,焼津漁港,焼津 小川,34.86718,138.33025,34.86718,138.33025
fishing,静岡県,片瀬漁港,稲取,34.80471,139.06492,34.80471,139.06492
fishing,静岡県,用宗漁港,静岡,34.92162,138.36969,34.92162,138.36969
fishing,静岡県,田子漁港,田子,34.8047,138.76161,34.8047,138.76161
fishing,静岡県,田牛漁港,下田市,34.6375,138.91299,34.6375,138.91299
fishing,静岡県,由比漁港,由比港,35.09938,138.55661,35.09938,138.55661
fishing,静岡県,白浜漁港,下田市,34.70611,138.97937,34.70611,138.97937
fishing,静岡県,白田漁港,稲取,34.79999,139.06214,34.79999,139.06214
fishing,静岡県,石廊崎漁港,南伊豆町,34.61195,138.84939,34.61195,138.84939
fishing,静岡県,石部漁港,松崎町,34.7336,138.75578,34.7336,138.75578
fishing,静岡県,福田漁港,遠州,34.66469,137.90363,34.66469,137.90363
fishing,静岡県,稲取漁港,稲取,34.77304,139.0427,34.77304,139.0427
fishing,静岡県,網代漁港,網代港,35.04414,139.10238,35.04414,139.10238
fishing,静岡県,興津漁港,静岡県,35.05251,138.52886,35.05251,138.52886
fishing,静岡県,舞阪漁港,浜名,34.68246,137.60838,34.68246,137.60838
fishing,静岡県,蒲原漁港,由比港,35.11434,138.60617,35.11434,138.60617
fishing,静岡県,西倉沢漁港,由比港,35.08133,138.548,35.08133,138.548
fishing,静岡県,西浦漁港,内浦,35.0194,138.81021,35.0194,138.81021
fishing,静岡県,赤沢漁港,伊東市,34.85776,139.08963,34.85776,139.08963
fishing,静岡県,雲見漁港,松崎町,34.72749,138.74411,34.72749,138.74411
fishing,静岡県,静浦漁港,静浦,35.0569,138.88075,35.0569,138.88075
fishing,静岡県,須崎漁港,下田市,34.65611,138.96715,34.65611,138.96715
fishing,静岡県,鷲津漁港,浜名,34.71523,137.55616,34.71523,137.55616
port,愛知県,三河港,愛知県,34.76333,137.25779,34.76333,137.25779
port,愛知県,伊良湖港,愛知県,34.58759,137.01154,34.58759,137.01154
port,愛知県,倉舞港,蒲郡市,34.76998,137.16717,34.76998,137.16717
port,愛知県,内海港,南知多町,34.7334,136.86711,34.7334,136.86711
port,愛知県,冨具崎港,愛知県,34.76377,136.83697,34.76377,136.83697
port,愛知県,吉田港,愛知県,34.78069,137.0756,34.78069,137.0756
port,愛知県,名古屋港,名古屋港管理組合,35.01587,136.83587,35.01587,136.83587
port,愛知県,師崎港,愛知県,34.69851,136.97469,34.69851,136.97469
port,愛知県,常滑港,愛知県,34.87166,136.83156,34.87166,136.83156
port,愛知県,東幡豆港,愛知県,34.77763,137.14685,34.77763,137.14685
port,愛知県,河和港,愛知県,34.77776,136.91633,34.77776,136.91633
port,愛知県,泉港,田原市,34.65597,137.1594,34.65597,137.1594
port,愛知県,福江港,愛知県,34.64955,137.10819,34.64955,137.10819
port,愛知県,衣浦港,愛知県,34.83979,136.94575,34.83979,136.94575
port,愛知県,馬草港,田原市,34.66916,137.19259,34.66916,137.19259
fishing,愛知県,一色漁港,西三河,34.78973,137.01357,34.78973,137.01357
fishing,愛知県,三谷漁港,三谷,34.81176,137.24337,34.81176,137.24337
fishing,愛知県,上野間漁港,野間,34.80407,136.85736,34.80407,136.85736
fishing,愛知県,二川漁港,豊橋市外海,34.66895,137.45634,34.66895,137.45634
fishing,愛知県,伊川津漁港,伊川津,34.65495,137.12953,34.65495,137.12953
fishing,愛知県,佐久島漁港,西三河,34.72023,137.04355,34.72023,137.04355
fishing,愛知県,味沢漁港,西三河,34.81447,136.99786,34.81447,136.99786
fishing,愛知県,大井漁港,大井,34.72075,136.96469,34.72075,136.96469
fishing,愛知県,大浜漁港,大浜,34.87187,136.97648,34.87187,136.97648
fishing,愛知県,大野漁港,大野,34.93278,136.82184,34.93278,136.82184
fishing,愛知県,姫島漁港,田原,34.68956,137.24073,34.68956,137.24073
fishing,愛知県,宇津江漁港,宇津江,34.66134,137.17814,34.66134,137.17814
fishing,愛知県,宮崎漁港,西三河,34.77694,137.09172,34.77694,137.09172
fishing,愛知県,寺津漁港,西三河,34.83882,137.01092,34.83882,137.01092
fishing,愛知県,小鈴谷漁港,小鈴谷,34.82882,136.86482,34.82882,136.86482
fishing,愛知県,山海漁港,内海,34.71973,136.89274,34.71973,136.89274
fishing,愛知県,師崎漁港,師崎 片名,34.7101,136.97271,34.7101,136.97271
fishing,愛知県,形原漁港,形原,34.79179,137.19145,34.79179,137.19145
fishing,愛知県,御馬漁港,不明,34.80002,137.31428,34.80002,137.31428
fishing,愛知県,日間賀漁港,日間賀島,34.70815,137.00214,34.70815,137.00214
fishing,愛知県,栄生漁港,西三河,34.82604,137.00509,34.82604,137.00509
fishing,愛知県,河和漁港,美浜町,34.76521,136.9226,34.76521,136.9226
fishing,愛知県,知柄漁港,西浦,34.78004,137.17534,34.78004,137.17534
fishing,愛知県,福江漁港,中山 小中山,34.64956,137.0908,34.64956,137.0908
fishing,愛知県,篠島漁港,篠島,34.6815,137.00451,34.6815,137.00451
fishing,愛知県,苅屋漁港,常滑,34.85448,136.85609,34.85448,136.85609
fishing,愛知県,蜆川漁港,大浜,34.85326,136.96704,34.85326,136.96704
fishing,愛知県,衣崎漁港,衣崎,34.776,137.03073,34.776,137.03073
fishing,愛知県,西幡豆漁港,幡豆,34.78744,137.11342,34.78744,137.11342
fishing,愛知県,豊丘漁港,豊丘,34.74392,136.94674,34.74392,136.94674
fishing,愛知県,豊浜漁港,豊浜,34.70486,136.93629,34.70486,136.93629
fishing,愛知県,赤羽根漁港,赤羽根町,34.60315,137.1841,34.60315,137.1841
fishing,愛知県,高豊漁港,豊橋市外海,34.65455,137.3831,34.65455,137.3831
fishing,愛知県,鬼崎漁港,鬼崎,34.90494,136.82175,34.90494,136.82175
port,三重県,三木里港,三重県,33.99453,136.21586,33.99453,136.21586
port,三重県,二木島港,三重県,33.93755,136.19187,33.93755,136.19187
port,三重県,五ヶ所港,三重県,34.33708,136.69922,34.33708,136.69922
port,三重県,千代崎港,三重県,34.85234,136.61658,34.85234,136.61658
port,三重県,吉津港,三重県,34.26415,136.51401,34.26415,136.51401
port,三重県,四日市港,四日市港管理組合,34.95287,136.68663,34.95287,136.68663
port,三重県,宇治山田港,三重県,34.52252,136.76323,34.52252,136.76323
port,三重県,尾鷲港,三重県,34.07452,136.22364,34.07452,136.22364
port,三重県,引本港,三重県,34.10821,136.25096,34.10821,136.25096
port,三重県,木本港,三重県,33.88769,136.11828,33.88769,136.11828
port,三重県,桑名港,三重県,35.05794,136.70601,35.05794,136.70601
port,三重県,津松阪港,三重県,34.67425,136.56371,34.67425,136.56371
port,三重県,浜島港,三重県,34.29502,136.76543,34.29502,136.76543
port,三重県,白子港,三重県,34.82701,136.59527,34.82701,136.59527
port,三重県,的矢港,三重県,34.37538,136.88703,34.37538,136.88703
port,三重県,賀田港,三重県,33.97155,136.19497,33.97155,136.19497
port,三重県,賢島港,三重県,34.30444,136.81735,34.30444,136.81735
port,三重県,長島港,三重県,34.19378,136.34553,34.19378,136.34553
port,三重県,鳥羽港,三重県,34.48973,136.84722,34.48973,136.84722
port,三重県,鵜殿港,三重県,33.73224,136.02181,33.73224,136.02181
fishing,三重県,三木浦漁港,三木浦,33.98503,136.23927,33.98503,136.23927
fishing,三重県,三浦漁港,三浦,34.16134,136.28102,34.16134,136.28102
fishing,三重県,下御糸漁港,伊勢湾,34.60101,136.6191,34.60101,136.6191
fishing,三重県,九木漁港,九鬼,34.01287,136.25318,34.01287,136.25318
fishing,三重県,五ヶ所湾漁港,くまの灘,34.30054,136.67653,34.30054,136.67653
fishing,三重県,伊曽島漁港,伊曽島,35.05101,136.71816,35.05101,136.71816
fishing,三重県,古和浦漁港,古和浦,34.25369,136.46248,34.25369,136.46248
fishing,三重県,古江漁港,古江,33.9789,136.20852,33.9789,136.20852
fishing,三重県,名田漁港,志摩の国,34.29242,136.89426,34.29242,136.89426
fishing,三重県,和具(和具)漁港,志摩の国,34.25388,136.80485,34.25388,136.80485
fishing,三重県,和具(答志)漁港,鳥羽磯部,34.52178,136.89801,34.52178,136.89801
fishing,三重県,国崎漁港,鳥羽磯部,34.4122,136.92289,34.4122,136.92289
fishing,三重県,国府漁港,志摩の国,34.34609,136.88484,34.34609,136.88484
fishing,三重県,坂手漁港,鳥羽磯部,34.48441,136.85928,34.48441,136.85928
fishing,三重県,大曽根浦漁港,大曽根,34.06349,136.22171,34.06349,136.22171
fishing,三重県,大淀漁港,伊勢湾,34.56619,136.66247,34.56619,136.66247
fishing,三重県,奈屋浦漁港,くまの灘,34.27739,136.5393,34.27739,136.5393
fishing,三重県,安乗漁港,志摩の国,34.36389,136.89659,34.36389,136.89659
fishing,三重県,安楽島漁港,鳥羽磯部,34.46275,136.8665,34.46275,136.8665
fishing,三重県,宿田曾漁港,くまの灘,34.29544,136.6883,34.29544,136.6883
fishing,三重県,小浜漁港,鳥羽磯部,34.49934,136.83521,34.49934,136.83521
fishing,三重県,島勝漁港,海山,34.11295,136.29569,34.11295,136.29569
fishing,三重県,川越漁港,川越,35.01574,136.68733,35.01574,136.68733
fishing,三重県,御座漁港,志摩の国,34.27782,136.76881,34.27782,136.76881
fishing,三重県,慥柄漁港,くまの灘,34.286,136.56746,34.286,136.56746
fishing,三重県,新鹿漁港,熊野,33.92744,136.15065,33.92744,136.15065
fishing,三重県,方座浦漁港,くまの灘,34.25859,136.49432,34.25859,136.49432
fishing,三重県,早田漁港,早田,33.99767,136.25827,33.99767,136.25827
fishing,三重県,曽根漁港,曽根浦,33.96614,136.19951,33.96614,136.19951
fishing,三重県,本浦漁港,鳥羽磯部,34.44368,136.89087,34.44368,136.89087
fishing,三重県,村松漁港,伊勢湾,34.55231,136.68805,34.55231,136.68805
fishing,三重県,松ヶ崎漁港,松阪,34.61044,136.52919,34.61044,136.52919
fishing,三重県,松下漁港,伊勢湾,34.49251,136.814,34.49251,136.814
fishing,三重県,桃取漁港,鳥羽磯部,34.51413,136.85234,34.51413,136.85234
fishing,三重県,梶賀漁港,梶賀浦,33.96637,136.21742,33.96637,136.21742
fishing,三重県,楠漁港,楠町,34.90268,136.64567,34.90268,136.64567
fishing,三重県,江漁港,伊勢湾,34.50682,136.79446,34.50682,136.79446
fishing,三重県,河芸漁港,河芸町,34.77977,136.54999,34.77977,136.54999
fishing,三重県,波切漁港,志摩の国,34.28182,136.8996,34.28182,136.8996
fishing,三重県,海野浦漁港,海野,34.18519,136.32331,34.18519,136.32331
fishing,三重県,深谷漁港,志摩の国,34.26137,136.86178,34.26137,136.86178
fishing,三重県,片田漁港,志摩の国,34.24976,136.84409,34.24976,136.84409
fishing,三重県,猟師漁港,松阪,34.60911,136.54014,34.60911,136.54014
fishing,三重県,甫母漁港,熊野,33.94446,136.20075,33.94446,136.20075
fishing,三重県,甲賀漁港,志摩の国,34.31554,136.8904,34.31554,136.8904
fishing,三重県,白塚漁港,白塚,34.76448,136.54191,34.76448,136.54191
fishing,三重県,白子漁港,熊野,34.83033,136.59583,34.83033,136.59583
fishing,三重県,白浦漁港,海山,34.1286,136.28656,34.1286,136.28656
fishing,三重県,相差漁港,鳥羽磯部,34.38803,136.90928,34.38803,136.90928
fishing,三重県,相賀浦漁港,くまの灘,34.29245,136.65379,34.29245,136.65379
fishing,三重県,矢口漁港,海山,34.12666,136.26712,34.12666,136.26712
fishing,三重県,石鏡漁港,鳥羽磯部,34.44699,136.92035,34.44699,136.92035
fishing,三重県,磯崎漁港,熊野,33.89331,136.12731,33.89331,136.12731
fishing,三重県,磯津漁港,四日市市,34.92262,136.64705,34.92262,136.64705
fishing,三重県,礫浦漁港,くまの灘,34.31523,136.67226,34.31523,136.67226
fishing,三重県,神島漁港,鳥羽磯部,34.55024,136.97899,34.55024,136.97899
fishing,三重県,神明漁港,志摩の国,34.31443,136.82457,34.31443,136.82457
fishing,三重県,答志漁港,鳥羽磯部,34.53129,136.90403,34.53129,136.90403
fishing,三重県,舟越漁港,鳥羽磯部,34.53027,136.88499,34.53027,136.88499
fishing,三重県,若松漁港,鈴鹿市,34.8689,136.62615,34.8689,136.62615
fishing,三重県,菅島漁港,鳥羽磯部,34.49941,136.89928,34.49941,136.89928
fishing,三重県,行野浦漁港,行野浦,34.06516,136.24209,34.06516,136.24209
fishing,三重県,豊北漁港,伊勢湾,34.54586,136.70494,34.54586,136.70494
fishing,三重県,贄浦漁港,くまの灘,34.28026,136.55348,34.28026,136.55348
fishing,三重県,越賀漁港,越賀,34.25634,136.79537,34.25634,136.79537
fishing,三重県,迫間浦漁港,くまの灘,34.31755,136.65525,34.31755,136.65525
fishing,三重県,遊木漁港,熊野,33.92529,136.17075,33.92529,136.17075
fishing,三重県,鈴鹿漁港,鈴鹿市,34.88675,136.63536,34.88675,136.63536
fishing,三重県,錦漁港,錦,34.20842,136.39463,34.20842,136.39463
fishing,三重県,間崎漁港,志摩の国,34.28671,136.80744,34.28671,136.80744
fishing,三重県,阿曽浦漁港,くまの灘,34.27943,136.57987,34.27943,136.57987
fishing,三重県,須賀利漁港,須賀利,34.10151,136.26622,34.10151,136.26622
fishing,三重県,香良洲漁港,香良洲,34.66129,136.54984,34.66129,136.54984
port,滋賀県,大津港,滋賀県,35.0133,135.86755,35.0133,135.86755
port,滋賀県,彦根港,滋賀県,35.28448,136.24522,35.28448,136.24522
port,滋賀県,竹生島港,滋賀県,35.41948,136.14352,35.41948,136.14352
port,滋賀県,長浜港,滋賀県,35.37247,136.26446,35.37247,136.26446
port,京都府,久美浜港,京都府,35.626,134.90885,35.626,134.90885
port,京都府,伏見港,京都府,34.92508,135.75603,34.92508,135.75603
port,京都府,宮津港,京都府,35.56659,135.20021,35.56659,135.20021
port,京都府,舞鶴港,京都府,35.49455,135.35906,35.53455,135.35906
fishing,京都府,三津漁港,網野町,35.71207,135.06574,35.71207,135.06574
fishing,京都府,中浜漁港,丹後町,35.55825,135.39254,35.55825,135.39254
fishing,京都府,中浜漁港,山北町,35.76105,135.17907,35.76105,135.17907
fishing,京都府,伊根漁港,伊根町,35.6738,135.29272,35.6738,135.29272
fishing,京都府,小間漁港,丹後町,35.73556,135.08445,35.73556,135.08445
fishing,京都府,島陰漁港,宮津市,35.57424,135.2507,35.57424,135.2507
fishing,京都府,成生漁港,舞鶴市,35.57862,135.44934,35.57862,135.44934
fishing,京都府,新井漁港,伊根町,35.693,135.30545,35.693,135.30545
fishing,京都府,旭漁港,湊,35.65656,134.88261,35.65656,134.88261
fishing,京都府,本庄漁港,伊根町,35.75246,135.25209,35.75246,135.25209
fishing,京都府,栗田漁港,宮津市,35.55177,135.23754,35.55177,135.23754
fishing,京都府,水ヶ浦漁港,舞鶴市,35.56286,135.46759,35.56286,135.46759
fishing,京都府,泊漁港,伊根町,35.70569,135.28881,35.70569,135.28881
fishing,京都府,浅茂川漁港,網野町,35.69082,135.01524,35.69082,135.01524
fishing,京都府,浜詰漁港,網野町,35.67525,134.96527,35.67525,134.96527
fishing,京都府,浦島漁港,伊根町,35.73194,135.27496,35.73194,135.27496
fishing,京都府,溝尻漁港,宮津市,35.57703,135.1855,35.57703,135.1855
fishing,京都府,瀬崎漁港,舞鶴市,35.54286,135.34827,35.54286,135.34827
fishing,京都府,田井(栗田)漁港,宮津市,35.58242,135.23631,35.58242,135.23631
fishing,京都府,田井(舞鶴)漁港,舞鶴市,35.56875,135.455,35.56875,135.455
fishing,京都府,由良漁港,宮津市,35.52928,135.27235,35.52928,135.27235
fishing,京都府,砂方漁港,丹後町,35.72162,135.07974,35.72162,135.07974
fishing,京都府,磯漁港,網野町,35.69047,134.99325,35.69047,134.99325
fishing,京都府,神崎漁港,舞鶴市,35.51681,135.31423,35.51681,135.31423
fishing,京都府,竜宮浜漁港,舞鶴市,35.56324,135.39884,35.56324,135.39884
fishing,京都府,竹野漁港,丹後町,35.74467,135.11245,35.74467,135.11245
fishing,京都府,舞鶴漁港,舞鶴市,35.46257,135.32693,35.50257,135.32693
fishing,京都府,蒲井漁港,湊,35.6477,134.88444,35.6477,134.88444
fishing,京都府,袖志漁港,丹後町,35.76496,135.19858,35.76496,135.19858
fishing,京都府,西大浦漁港,舞鶴市,35.51707,135.34554,35.51707,135.34554
fishing,京都府,遊漁港,網野町,35.70813,135.06144,35.70813,135.06144
fishing,京都府,野原漁港,舞鶴市,35.56824,135.42687,35.56824,135.42687
fishing,京都府,間人漁港,丹後町,35.73869,135.09286,35.73869,135.09286
fishing,京都府,養老漁港,宮津市,35.64659,135.25377,35.64659,135.25377
port,大阪府,二色港,大阪府,34.43535,135.33113,34.43535,135.33113
port,大阪府,堺泉北港,大阪府,34.56871,135.37464,34.56871,135.37464
port,大阪府,大阪港,大阪市,34.63223,135.38786,34.63223,135.38786
port,大阪府,尾崎港,大阪府,34.36892,135.23992,34.36892,135.23992
port,大阪府,泉佐野港,大阪府,34.42083,135.30931,34.42083,135.30931
port,大阪府,泉州港,大阪府,34.42982,135.25634,34.42982,135.25634
port,大阪府,淡輪港,大阪府,34.34141,135.17858,34.34141,135.17858
port,大阪府,深日港,大阪府,34.32639,135.13247,34.32639,135.13247
port,大阪府,阪南港,大阪府,34.48421,135.35664,34.48421,135.35664
fishing,大阪府,下荘漁港,下荘,34.34383,135.20721,34.34383,135.20721
fishing,大阪府,佐野漁港,北中通 泉佐野,34.42216,135.31692,34.42216,135.31692
fishing,大阪府,堺(出島)漁港,堺市 堺市沿岸 堺市出島,34.57381,135.45635,34.57381,135.45635
fishing,大阪府,小島漁港,小島,34.31383,135.09444,34.31383,135.09444
fishing,大阪府,岡田漁港,岡田浦,34.39106,135.27195,34.39106,135.27195
fishing,大阪府,岸和田漁港,春木 大阪府鰮巾着網,34.47493,135.37497,34.47493,135.37497
fishing,大阪府,淡輪漁港,淡輪,34.33661,135.17082,34.33661,135.17082
fishing,大阪府,深日漁港,深日,34.323,135.14666,34.323,135.14666
fishing,大阪府,田尻漁港,田尻,34.39883,135.28664,34.39883,135.28664
fishing,大阪府,石津漁港,堺市浜寺,34.5552,135.44385,34.5552,135.44385
fishing,大阪府,西鳥取漁港,西鳥取,34.35605,135.23109,34.35605,135.23109
fishing,大阪府,高石漁港,高石市,34.53076,135.43079,34.53076,135.43079
facility,大阪府,南港魚つり園,,34.61,135.413,34.61,135.413
port,兵庫県,古池港,兵庫県,34.72477,134.32717,34.72477,134.32717
port,兵庫県,古茂江港,洲本市,34.33006,134.91638,34.33006,134.91638
port,兵庫県,坂越港,兵庫県,34.75858,134.43697,34.75858,134.43697
port,兵庫県,姫路港,兵庫県,34.75332,134.65329,34.75332,134.65329
port,兵庫県,室津港,兵庫県,34.52117,134.8767,34.52117,134.8767
port,兵庫県,家島港,兵庫県,34.68219,134.5372,34.68219,134.5372
port,兵庫県,尼崎西宮芦屋港,兵庫県,34.68339,135.34659,34.68339,135.34659
port,兵庫県,山田港,兵庫県,34.4492,134.80113,34.4492,134.80113
port,兵庫県,岩屋港,兵庫県,34.59589,135.0209,34.59589,135.0209
port,兵庫県,明石港,兵庫県,34.63972,134.99015,34.63972,134.99015
port,兵庫県,東播磨港,兵庫県,34.70492,134.81644,34.70492,134.81644
port,兵庫県,柴山港,兵庫県,35.65776,134.66608,35.65776,134.66608
port,兵庫県,江井ヶ島港,兵庫県,34.67527,134.90959,34.67527,134.90959
port,兵庫県,江井港,兵庫県,34.46741,134.82811,34.46741,134.82811
port,兵庫県,津井港,兵庫県,34.32764,134.69449,34.32764,134.69449
port,兵庫県,津名港,兵庫県,34.43861,134.92338,34.43861,134.92338
port,兵庫県,津居山港,兵庫県,35.64861,134.83664,35.64861,134.83664
port,兵庫県,洲本港,兵庫県,34.3474,134.90564,34.3474,134.90564
port,兵庫県,浦港,兵庫県,34.54096,134.99759,34.54096,134.99759
port,兵庫県,淡路交流の翼港,兵庫県,34.55742,135.01361,34.55742,135.01361
port,兵庫県,湊港,兵庫県,34.33469,134.72489,34.33469,134.72489
port,兵庫県,由良港,兵庫県,34.2886,134.95564,34.2886,134.95564
port,兵庫県,相生港,兵庫県,34.77643,134.46502,34.77643,134.46502
port,兵庫県,神戸港,神戸市,34.67284,135.24261,34.67284,135.24261
port,兵庫県,福良港,兵庫県,34.24635,134.71422,34.24635,134.71422
port,兵庫県,竹野港,兵庫県,35.66441,134.75752,35.66441,134.75752
port,兵庫県,赤穂港,兵庫県,34.72579,134.38691,34.72579,134.38691
port,兵庫県,郡家港,兵庫県,34.47466,134.84153,34.47466,134.84153
port,兵庫県,都志港,兵庫県,34.41722,134.77991,34.41722,134.77991
port,兵庫県,阿万港,兵庫県,34.2075,134.72542,34.2075,134.72542
fishing,兵庫県,三尾漁港,浜坂町,35.65617,134.50278,35.65617,134.50278
fishing,兵庫県,丸山漁港,丸山,34.28938,134.65726,34.28938,134.65726
fishing,兵庫県,仁頃漁港,南淡,34.19162,134.74475,34.19162,134.74475
fishing,兵庫県,仮屋漁港,仮屋 森,34.51714,134.99028,34.51714,134.99028
fishing,兵庫県,伊毘漁港,阿那賀,34.25855,134.67392,34.25855,134.67392
fishing,兵庫県,余部漁港,香住町,35.65061,134.55861,35.65061,134.55861
fishing,兵庫県,切浜漁港,竹野浜,35.6617,134.74461,35.6617,134.74461
fishing,兵庫県,北角川漁港,兵庫県,34.40604,134.77252,34.40604,134.77252
fishing,兵庫県,古宮漁港,播磨町,34.70767,134.86528,34.70767,134.86528
fishing,兵庫県,吉野漁港,南淡,34.21412,134.82308,34.21412,134.82308
fishing,兵庫県,地野漁港,南淡,34.19828,134.76558,34.19828,134.76558
fishing,兵庫県,坂越漁港,赤穂市,34.7671,134.45393,34.7671,134.45393
fishing,兵庫県,坊勢漁港,坊勢,34.64656,134.51365,34.64656,134.51365
fishing,兵庫県,垂水漁港,神戸市,34.62541,135.05421,34.62541,135.05421
fishing,兵庫県,塩屋漁港,神戸市,34.63157,135.08138,34.63157,135.08138
fishing,兵庫県,妻鹿漁港,姫路市中部 白浜,34.77433,134.70252,34.77433,134.70252
fishing,兵庫県,宇日漁港,竹野浜,35.66107,134.78364,35.66107,134.78364
fishing,兵庫県,室津漁港,室津,34.7671,134.50476,34.7671,134.50476
fishing,兵庫県,家島漁港,家島,34.67608,134.53292,34.67608,134.53292
fishing,兵庫県,富島漁港,富島,34.54991,134.93334,34.54991,134.93334
fishing,兵庫県,尾崎漁港,一宮町,34.4977,134.8589,34.4977,134.8589
fishing,兵庫県,居組漁港,浜坂町,35.61476,134.38617,35.61476,134.38617
fishing,兵庫県,山本漁港,兵庫県,34.21,134.81762,34.21,134.81762
fishing,兵庫県,岩屋漁港,淡路町,34.5888,135.02277,34.5888,135.02277
fishing,兵庫県,岩見漁港,岩見,34.78155,134.52809,34.78155,134.52809
fishing,兵庫県,御崎漁港,香住町,35.66006,134.55032,35.66006,134.55032
fishing,兵庫県,来川漁港,兵庫県,34.23967,134.8728,34.23967,134.8728
fishing,兵庫県,松江漁港,松江,34.65237,134.95628,34.65237,134.95628
fishing,兵庫県,林崎漁港,林崎,34.64601,134.96722,34.64601,134.96722
fishing,兵庫県,桃川漁港,一宮町,34.46214,134.81446,34.46214,134.81446
fishing,兵庫県,沼島漁港,沼島,34.1694,134.81808,34.1694,134.81808
fishing,兵庫県,浅野漁港,浅野浦,34.5363,134.91028,34.5363,134.91028
fishing,兵庫県,浜坂漁港,浜坂町,35.62984,134.44507,35.62984,134.44507
fishing,兵庫県,灘漁港,南淡,34.19884,134.79725,34.19884,134.79725
fishing,兵庫県,炬口漁港,炬口,34.35327,134.89446,34.35327,134.89446
fishing,兵庫県,生穂漁港,生穂,34.44743,134.92167,34.44743,134.92167
fishing,兵庫県,田久日漁港,竹野浜,35.66712,134.79297,35.66712,134.79297
fishing,兵庫県,田結漁港,津居山港,35.64505,134.84283,35.64505,134.84283
fishing,兵庫県,白崎漁港,兵庫県,34.23245,134.85391,34.23245,134.85391
fishing,兵庫県,相谷漁港,柴山港,35.66117,134.72859,35.66117,134.72859
fishing,兵庫県,福浦漁港,赤穂市,34.73821,134.3431,34.73821,134.3431
fishing,兵庫県,育波漁港,育波浦,34.53047,134.89251,34.53047,134.89251
fishing,兵庫県,舞子漁港,神戸市,34.62713,135.03943,34.62713,135.03943
fishing,兵庫県,船瀬漁港,五色町,34.38548,134.75752,34.38548,134.75752
fishing,兵庫県,藤江漁港,林崎,34.65801,134.94881,34.65801,134.94881
fishing,兵庫県,角川漁港,兵庫県,34.39854,134.76947,34.39854,134.76947
fishing,兵庫県,諸寄漁港,浜坂町,35.62328,134.4318,35.62328,134.4318
fishing,兵庫県,野島漁港,富島,34.55991,134.94515,34.55991,134.94515
fishing,兵庫県,釜口漁港,釜口,34.49159,134.96306,34.49159,134.96306
fishing,兵庫県,釜屋漁港,浜坂町,35.61879,134.41318,35.61879,134.41318
fishing,兵庫県,鎧漁港,香住町,35.65311,134.57555,35.65311,134.57555
fishing,兵庫県,阿那賀漁港,阿那賀,34.26994,134.66893,34.26994,134.66893
fishing,兵庫県,阿閇漁港,播磨町,34.71239,134.85806,34.71239,134.85806
fishing,兵庫県,須井漁港,竹野浜,35.65867,134.73518,35.65867,134.73518
fishing,兵庫県,香住漁港,香住町,35.64534,134.63055,35.64534,134.63055
fishing,兵庫県,魚住漁港,江井ヶ島,34.68462,134.90139,34.68462,134.90139
fishing,兵庫県,鳥飼漁港,五色町,34.37326,134.74919,34.37326,134.74919
fishing,兵庫県,黒岩漁港,南淡,34.21939,134.82863,34.21939,134.82863
port,和歌山県,加太港,和歌山県,34.28052,135.06956,34.28052,135.06956
port,和歌山県,勝浦港,和歌山県,33.6222,135.94693,33.6222,135.94693
port,和歌山県,古座港,和歌山県,33.51275,135.82557,33.51275,135.82557
port,和歌山県,和歌山下津港,和歌山県,34.19189,135.11163,34.19189,135.11163
port,和歌山県,大島港,和歌山県,33.4692,135.79928,33.4692,135.79928
port,和歌山県,大川港,和歌山県,34.3076,135.08454,34.3076,135.08454
port,和歌山県,宇久井港,和歌山県,33.65408,135.97511,33.65408,135.97511
port,和歌山県,文里港,和歌山県,33.71663,135.37721,33.71663,135.37721
port,和歌山県,新宮港,和歌山県,33.67026,135.98253,33.67026,135.98253
port,和歌山県,日置港,和歌山県,33.56069,135.44357,33.56069,135.44357
port,和歌山県,日高港,和歌山県,33.86356,135.1471,33.86356,135.1471
port,和歌山県,浦神港,和歌山県,33.56094,135.90298,33.56094,135.90298
port,和歌山県,湯浅広港,和歌山県,34.03214,135.16665,34.03214,135.16665
port,和歌山県,由良港,和歌山県,33.94845,135.08395,33.94845,135.08395
port,和歌山県,袋港,和歌山県,33.47752,135.7718,33.47752,135.7718
fishing,和歌山県,三尾川漁港,衣奈浦,34.00039,135.13238,34.00039,135.13238
fishing,和歌山県,三尾漁港,三尾,33.8886,135.08223,33.8886,135.08223
fishing,和歌山県,三輪崎漁港,三輪崎,33.68254,135.99105,33.68254,135.99105
fishing,和歌山県,上野漁港,御坊市,33.825,135.18389,33.825,135.18389
fishing,和歌山県,下楠井漁港,御坊市,33.81667,135.19389,33.81667,135.19389
fishing,和歌山県,下田原漁港,下田原,33.53116,135.87579,33.53116,135.87579
fishing,和歌山県,中漁港,白浜,33.64836,135.38138,33.64836,135.38138
fishing,和歌山県,串本漁港,串本,33.46617,135.78496,33.46617,135.78496
fishing,和歌山県,伊串漁港,西向,33.50227,135.80718,33.50227,135.80718
fishing,和歌山県,伊古木漁港,日置,33.55188,135.45825,33.55188,135.45825
fishing,和歌山県,内の浦漁港,新庄,33.6953,135.38638,33.6953,135.38638
fishing,和歌山県,出雲漁港,串本,33.45006,135.79441,33.45006,135.79441
fishing,和歌山県,切目漁港,印南町,33.79028,135.23389,33.79028,135.23389
fishing,和歌山県,初島漁港,初島,34.09845,135.10669,34.09845,135.10669
fishing,和歌山県,加尾漁港,御坊市,33.8393,135.17383,33.8393,135.17383
fishing,和歌山県,動鳴気漁港,古座,33.51255,135.8369,33.51255,135.8369
fishing,和歌山県,勝浦漁港,勝浦,33.62539,135.94512,33.62539,135.94512
fishing,和歌山県,千田漁港,千田,34.06497,135.13556,34.06497,135.13556
fishing,和歌山県,南部漁港,南部町,33.7649,135.31929,33.7649,135.31929
fishing,和歌山県,印南漁港,印南町,33.81167,135.21584,33.81167,135.21584
fishing,和歌山県,口和深漁港,すさみ,33.52946,135.51274,33.52946,135.51274
fishing,和歌山県,周参見漁港,すさみ,33.54615,135.49082,33.54615,135.49082
fishing,和歌山県,和歌浦漁港,和歌浦,34.18569,135.16278,34.18569,135.16278
fishing,和歌山県,唐尾漁港,唐尾,34.00748,135.14306,34.00748,135.14306
fishing,和歌山県,堅田漁港,堅田,33.68308,135.37777,33.68308,135.37777
fishing,和歌山県,堺漁港,南部町,33.74363,135.33277,33.74363,135.33277
fishing,和歌山県,塩屋漁港,御坊市,33.86194,135.15751,33.86194,135.15751
fishing,和歌山県,塩津漁港,塩津,34.13471,135.16903,34.13471,135.16903
fishing,和歌山県,大島漁港,大島,33.4745,135.80496,33.4745,135.80496
fishing,和歌山県,大引漁港,大引,33.96915,135.0839,33.96915,135.0839
fishing,和歌山県,大目津漁港,南部町,33.76723,135.29722,33.76723,135.29722
fishing,和歌山県,太地漁港,太地,33.59143,135.94717,33.59143,135.94717
fishing,和歌山県,姫漁港,西向,33.4995,135.80052,33.4995,135.80052
fishing,和歌山県,宇久井漁港,宇久井,33.6617,135.9755,33.6617,135.9755
fishing,和歌山県,安久川漁港,白浜,33.65137,135.37669,33.65137,135.37669
fishing,和歌山県,安指漁港,串本,33.48973,135.67266,33.48973,135.67266
fishing,和歌山県,小引漁港,小引浦,33.98193,135.08945,33.98193,135.08945
fishing,和歌山県,小浦漁港,比井崎,33.92554,135.0739,33.92554,135.0739
fishing,和歌山県,小金島漁港,勝浦,33.63393,135.948,33.63393,135.948
fishing,和歌山県,岩代漁港,南部町,33.78157,135.27084,33.78157,135.27084
fishing,和歌山県,島田漁港,印南町,33.78039,135.24019,33.78039,135.24019
fishing,和歌山県,市江漁港,日置,33.58671,135.40293,33.58671,135.40293
fishing,和歌山県,広芝漁港,和歌山県,33.84815,135.16622,33.84815,135.16622
fishing,和歌山県,戸坂漁港,戸坂,34.13663,135.15777,34.13663,135.15777
fishing,和歌山県,戸津井漁港,小引浦,33.98925,135.09199,33.98925,135.09199
fishing,和歌山県,有田漁港,串本,33.48422,135.73747,33.48422,135.73747
fishing,和歌山県,朝来帰漁港,白浜,33.61586,135.39583,33.61586,135.39583
fishing,和歌山県,本ノ脇漁港,美浜町,33.89305,135.1114,33.89305,135.1114
fishing,和歌山県,杓浪漁港,和歌山県,33.69141,135.38138,33.69141,135.38138
fishing,和歌山県,栖原漁港,栖原,34.02748,135.16917,34.02748,135.16917
fishing,和歌山県,樫野漁港,樫野,33.47117,135.85107,33.47117,135.85107
fishing,和歌山県,橋杭漁港,串本,33.48508,135.79448,33.48508,135.79448
fishing,和歌山県,比井漁港,比井崎,33.91943,135.08112,33.91943,135.08112
fishing,和歌山県,江住漁港,すさみ,33.50871,135.60632,33.50871,135.60632
fishing,和歌山県,江津良漁港,白浜,33.69393,135.35117,33.69393,135.35117
fishing,和歌山県,江田漁港,串本,33.49088,135.70136,33.49088,135.70136
fishing,和歌山県,江須ノ川漁港,すさみ,33.50644,135.59331,33.50644,135.59331
fishing,和歌山県,沖津漁港,樫野,33.4772,135.8316,33.4772,135.8316
fishing,和歌山県,津久野漁港,比井崎,33.9236,135.07862,33.9236,135.07862
fishing,和歌山県,津井漁港,印南町,33.81167,135.20556,33.81167,135.20556
fishing,和歌山県,津荷漁港,津荷,33.51672,135.84301,33.51672,135.84301
fishing,和歌山県,湯崎漁港,白浜,33.67697,135.33944,33.67697,135.33944
fishing,和歌山県,瀬戸漁港,白浜,33.68835,135.34361,33.68835,135.34361
fishing,和歌山県,産湯漁港,比井崎,33.91126,135.08168,33.91126,135.08168
fishing,和歌山県,田ノ浦漁港,田野浦,34.1823,135.15119,34.1823,135.15119
fishing,和歌山県,田並漁港,串本,33.48474,135.71399,33.48474,135.71399
fishing,和歌山県,田子漁港,串本,33.48924,135.68044,33.48924,135.68044
fishing,和歌山県,田村漁港,田村,34.04025,135.16222,34.04025,135.16222
fishing,和歌山県,田杭漁港,比井崎,33.89471,135.06446,33.89471,135.06446
fishing,和歌山県,田辺漁港,田辺 湊浦,33.73002,135.36388,33.73002,135.36388
fishing,和歌山県,白野漁港,須江,33.45478,135.82246,33.45478,135.82246
fishing,和歌山県,目良漁港,田辺,33.73168,135.35305,33.73168,135.35305
fishing,和歌山県,矢櫃漁港,箕島町,34.06803,135.09139,34.06803,135.09139
fishing,和歌山県,祓井戸漁港,御坊市,33.85307,135.16386,33.85307,135.16386
fishing,和歌山県,笠甫漁港,日置,33.57912,135.4173,33.57912,135.4173
fishing,和歌山県,箕島漁港,箕島町,34.07994,135.0939,34.07994,135.0939
fishing,和歌山県,綱不知漁港,白浜,33.68835,135.35583,33.68835,135.35583
fishing,和歌山県,舟波漁港,串本,33.49546,135.65914,33.49546,135.65914
fishing,和歌山県,船瀬漁港,串本,33.44645,135.77219,33.44645,135.77219
fishing,和歌山県,芳養漁港,田辺,33.74113,135.35583,33.74113,135.35583
fishing,和歌山県,菖蒲谷漁港,串本,33.45439,135.75839,33.45439,135.75839
fishing,和歌山県,衣奈漁港,衣奈浦,33.98998,135.10751,33.98998,135.10751
fishing,和歌山県,袋漁港,白浜,33.62975,135.3961,33.62975,135.3961
fishing,和歌山県,西向漁港,和歌山県,33.51087,135.82038,33.51087,135.82038
fishing,和歌山県,見老津漁港,すさみ,33.51071,135.57721,33.51071,135.57721
fishing,和歌山県,逢井漁港,逢井,34.07024,135.10414,34.07024,135.10414
fishing,和歌山県,那智漁港,那智,33.64464,135.93942,33.64464,135.93942
fishing,和歌山県,里野漁港,すさみ,33.50263,135.62613,33.50263,135.62613
fishing,和歌山県,野なぎ漁港,串本,33.48755,135.70969,33.48755,135.70969
fishing,和歌山県,野島漁港,御坊市,33.84252,135.16798,33.84252,135.16798
fishing,和歌山県,鈴子漁港,唐尾,34.00088,135.13573,34.00088,135.13573
fishing,和歌山県,阿尾漁港,比井崎,33.90471,135.0764,33.90471,135.0764
fishing,和歌山県,阿野木漁港,樫野,33.46568,135.8541,33.46568,135.8541
fishing,和歌山県,雑賀崎漁港,雑賀崎,34.18852,135.14643,34.18852,135.14643
fishing,和歌山県,須江漁港,須江,33.45589,135.82968,33.45589,135.82968
fishing,和歌山県,須賀漁港,串本,33.46755,135.77413,33.46755,135.77413
fishing,和歌山県,鴨居漁港,白浜,33.64947,135.3811,33.64947,135.3811
fishing,和歌山県,黒島漁港,串本,33.43626,135.75571,33.43626,135.75571
facility,和歌山県,和歌山マリーナシティ海釣り公園,,34.214,135.121,34.214,135.121
port,鳥取県,中浜港,,35.49552,133.22743,35.49552,133.22743
port,鳥取県,境港,境港管理組合,35.53636,133.26715,35.53636,133.26715
port,鳥取県,小浜港,,35.52276,133.95849,35.52276,133.95849
port,鳥取県,田後港,鳥取県,35.59547,134.31901,35.59547,134.31901
port,鳥取県,石脇港,,35.5201,133.94758,35.5201,133.94758
port,鳥取県,米子港,鳥取県,35.42904,133.3161,35.42904,133.3161
port,鳥取県,豊成港,,35.52441,133.53421,35.52441,133.53421
port,鳥取県,赤碕港,鳥取県,35.51296,133.65927,35.51296,133.65927
port,鳥取県,逢坂港,鳥取県,35.52977,133.5649,35.52977,133.5649
port,鳥取県,鳥取港,鳥取県,35.54003,134.18466,35.54003,134.18466
fishing,鳥取県,境漁港,鳥取県,35.54615,133.24845,35.54615,133.24845
fishing,鳥取県,夏泊漁港,鳥取県,35.53217,134.00039,35.53217,134.00039
fishing,鳥取県,岩戸漁港,鳥取県,35.56373,134.27334,35.56373,134.27334
fishing,鳥取県,平田漁港,鳥取県,35.47949,133.43227,35.47949,133.43227
fishing,鳥取県,御崎漁港,鳥取県,35.53033,133.59307,35.53033,133.59307
fishing,鳥取県,御来屋漁港,鳥取県,35.51176,133.49183,35.51176,133.49183
fishing,鳥取県,東漁港,鳥取県,35.6028,134.34903,35.6028,134.34903
fishing,鳥取県,泊漁港,鴨庄,35.51581,133.93199,35.51581,133.93199
fishing,鳥取県,淀江漁港,鳥取県,35.46122,133.42204,35.46122,133.42204
fishing,鳥取県,皆生漁港,米子市,35.46265,133.34101,35.46265,133.34101
fishing,鳥取県,網代漁港,鳥取県,35.58311,134.2928,35.58311,134.2928
fishing,鳥取県,羽合漁港,中部,35.508,133.87674,35.508,133.87674
fishing,鳥取県,船磯漁港,鳥取県,35.52463,134.02045,35.52463,134.02045
fishing,鳥取県,酒津漁港,鳥取県,35.52592,134.0876,35.52592,134.0876
fishing,鳥取県,長和瀬漁港,鳥取県,35.5234,133.97265,35.5234,133.97265
fishing,鳥取県,青谷漁港,鳥取県,35.52569,133.99631,35.52569,133.99631
port,島根県,七類港,島根県,35.57478,133.23976,35.57478,133.23976
port,島根県,三隅港,島根県,34.80073,131.93592,34.80073,131.93592
port,島根県,中山港,出雲市,35.41365,132.64597,35.41365,132.64597
port,島根県,久手港,島根県,35.23308,132.49777,35.23308,132.49777
port,島根県,二俣港,出雲市,35.40921,132.65657,35.40921,132.65657
port,島根県,二子港,,35.53448,133.17183,35.53448,133.17183
port,島根県,代港,隠岐の島町,36.30284,133.20525,36.30284,133.20525
port,島根県,伊後港,隠岐の島町,36.33801,133.2725,36.33801,133.2725
port,島根県,伊野灘港,出雲市,35.45929,132.90198,35.45929,132.90198
port,島根県,佐波港,松江市,35.57897,133.06689,35.57897,133.06689
port,島根県,保々見港,海士町,36.08441,133.12411,36.08441,133.12411
port,島根県,倉の谷港,西ノ島町,36.11217,133.06661,36.11217,133.06661
port,島根県,入江港,松江市,35.48999,133.16582,35.48999,133.20582
port,島根県,別府港,島根県,36.10278,133.04505,36.10278,133.04505
port,島根県,千酌港,松江市,35.56274,133.14281,35.56274,133.14281
port,島根県,卯敷港,隠岐の島町,36.28048,133.36473,36.28048,133.36473
port,島根県,古海港,知夫村,36.03017,133.02534,36.03017,133.02534
port,島根県,吉浦港,大田市,35.06676,132.31526,35.06676,132.31526
port,島根県,吉浦港,浜田市,34.822,131.97546,34.822,131.97546
port,島根県,喜阿弥港,益田市,34.67902,131.75652,34.67902,131.75652
port,島根県,国賀港,西ノ島町,36.09371,132.96602,36.09371,132.96602
port,島根県,堤港,海士町,36.05914,133.07311,36.05914,133.07311
port,島根県,大津久港,隠岐の島町,36.20768,133.20734,36.20768,133.20734
port,島根県,姫の浦港,知夫村,36.0046,133.05681,36.0046,133.05681
port,島根県,宅野港,島根県,35.16718,132.40183,35.16718,132.40183
port,島根県,宇賀港,西ノ島町,36.11891,133.07831,36.11891,133.07831
port,島根県,安来港,島根県,35.44111,133.25653,35.44111,133.25653
port,島根県,寺津港,,35.47498,133.00367,35.51498,133.00367
port,島根県,寺津港,,35.50454,133.17666,35.50454,133.17666
port,島根県,小津久港,隠岐の島町,36.19228,133.21641,36.19228,133.21641
port,島根県,小田東港,出雲市,35.28239,132.61434,35.28239,132.61434
port,島根県,山谷港,大田市,35.26082,132.55078,35.26082,132.55078
port,島根県,岡本港,,35.47343,132.95217,35.47343,132.91217
port,島根県,島津屋港,大田市,35.26988,132.56996,35.26988,132.56996
port,島根県,御波港,島根県,36.06709,133.10667,36.06709,133.10667
port,島根県,惣津港,松江市,35.57324,133.21461,35.57324,133.21461
port,島根県,意東港,松江市,35.44077,133.17227,35.44077,133.17227
port,島根県,手角港,,35.53728,133.16019,35.53728,133.16019
port,島根県,才港,松江市,35.57281,133.30429,35.57281,133.30429
port,島根県,持石港,益田市,34.68316,131.7725,34.68316,131.7725
port,島根県,揖屋港,松江市,35.43315,133.15049,35.43315,133.19049
port,島根県,日之津港,海士町,36.08044,133.07394,36.08044,133.07394
port,島根県,木佐根港,知夫村,36.00505,133.06681,36.00505,133.06681
port,島根県,来居港,島根県,36.02805,133.0409,36.02805,133.0409
port,島根県,松江港,島根県,35.45309,133.13601,35.45309,133.17601
port,島根県,汐浜港,隠岐の島町,36.20067,133.35618,36.20067,133.35618
port,島根県,江島港,松江市,35.50712,133.19303,35.50712,133.19303
port,島根県,江津港,島根県,35.02302,132.21675,35.02302,132.21675
port,島根県,河下港,島根県,35.45209,132.74205,35.45209,132.74205
port,島根県,法田港,松江市,35.57302,133.25501,35.57302,133.25501
port,島根県,波入港,松江市,35.48613,133.17842,35.48613,133.17842
port,島根県,波止港,西ノ島町,36.07053,133.01532,36.07053,133.01532
port,島根県,浜田港,島根県,34.88733,132.04187,34.88733,132.04187
port,島根県,海士港,海士町,36.10117,133.06874,36.10117,133.06874
port,島根県,海崎港,松江市,35.55725,133.29731,35.55725,133.29731
port,島根県,温泉津港,島根県,35.09659,132.33767,35.09659,132.33767
port,島根県,湯町港,,35.43766,133.0082,35.51766,133.0082
port,島根県,灘山港,大田市,35.25485,132.53534,35.25485,132.53534
port,島根県,物井港,西ノ島町,36.11048,133.05523,36.11048,133.05523
port,島根県,生湯港,浜田市,34.92658,132.08457,34.92658,132.08457
port,島根県,田儀港,島根県,35.2777,132.58479,35.2777,132.58479
port,島根県,益田港,島根県,34.69847,131.81646,34.69847,131.81646
port,島根県,知々井港,島根県,36.0728,133.12096,36.0728,133.12096
port,島根県,秋鹿北港,松江市,35.51698,132.93984,35.51698,132.93984
port,島根県,秋鹿港,,35.47726,132.95844,35.51726,132.95844
port,島根県,竹名港,知夫村,36.0196,133.04513,36.0196,133.04513
port,島根県,笠浦港,松江市,35.57764,133.12599,35.57764,133.12599
port,島根県,笹子港,松江市,35.57065,133.20308,35.57065,133.20308
port,島根県,網屋港,大田市,35.13931,132.38838,35.13931,132.38838
port,島根県,美田港,西ノ島町,36.08659,133.00285,36.08659,133.00285
port,島根県,舟津港,大田市,35.12702,132.38276,35.12702,132.38276
port,島根県,菅浦港,松江市,35.56597,133.17156,35.56597,133.17156
port,島根県,西村港,隠岐の島町,36.32943,133.30109,36.32943,133.30109
port,島根県,西郷港,島根県,36.21002,133.3426,36.21002,133.3426
port,島根県,諏訪港,海士町,36.10377,133.08919,36.10377,133.08919
port,島根県,論田港,,35.44612,133.21633,35.44612,133.21633
port,島根県,諸喰港,松江市,35.5745,133.26475,35.5745,133.26475
port,島根県,軽尾港,松江市,35.57282,133.29917,35.57282,133.29917
port,島根県,遅江港,松江市,35.49284,133.187,35.49284,133.187
port,島根県,遠田港,益田市,34.7203,131.85357,34.7203,131.85357
port,島根県,重栖港,島根県,36.28675,133.19519,36.28675,133.19519
port,島根県,釜港,隠岐の島町,36.23193,133.37832,36.23193,133.37832
port,島根県,長尾田港,隠岐の島町,36.2696,133.18472,36.2696,133.18472
port,島根県,長江港,,35.47838,132.97549,35.51838,132.97549
port,島根県,須賀港,海士町,36.06928,133.07824,36.06928,133.07824
port,島根県,飯美港,隠岐の島町,36.30815,133.34048,36.30815,133.34048
port,島根県,高島港,益田市,34.83315,131.83749,34.83315,131.83749
port,島根県,魚津港,大田市,35.20576,132.4539,35.20576,132.4539
port,島根県,黒田港,出雲市,35.41781,132.63481,35.41781,132.63481
fishing,島根県,三度漁港,しまね,36.0647,132.95568,36.0647,132.95568
fishing,島根県,中村漁港,しまね,36.32217,133.30648,36.32217,133.30648
fishing,島根県,久見漁港,しまね,36.3205,133.2301,36.3205,133.2301
fishing,島根県,五十猛漁港,しまね,35.18729,132.42215,35.18729,132.42215
fishing,島根県,仁万漁港,しまね,35.15646,132.40077,35.15646,132.40077
fishing,島根県,今津漁港,しまね,36.17608,133.30926,36.17608,133.30926
fishing,島根県,今浦(大麻)漁港,しまね,34.81787,131.96331,34.81787,131.96331
fishing,島根県,今浦(福浦)漁港,しまね,35.07174,132.31827,35.07174,132.31827
fishing,島根県,加茂漁港,しまね,36.18595,133.28007,36.18595,133.28007
fishing,島根県,加賀漁港,しまね,35.56825,133.05555,35.56825,133.05555
fishing,島根県,十六島漁港,しまね,35.46018,132.74627,35.46018,132.74627
fishing,島根県,友漁港,しまね,35.1259,132.37799,35.1259,132.37799
fishing,島根県,古湊漁港,しまね,34.78565,131.93221,34.78565,131.93221
fishing,島根県,和江漁港,しまね,35.21506,132.46854,35.21506,132.46854
fishing,島根県,唐鐘漁港,しまね,34.94175,132.10774,34.94175,132.10774
fishing,島根県,唯浦漁港,しまね,35.48365,132.79683,35.48365,132.79683
fishing,島根県,土田漁港,しまね,34.75788,131.88916,34.75788,131.88916
fishing,島根県,地合漁港,しまね,35.51031,132.88016,35.51031,132.88016
fishing,島根県,塩津漁港,しまね,35.4798,132.77928,35.4798,132.77928
fishing,島根県,多井漁港,海士町,36.05546,133.10019,36.05546,133.10019
fishing,島根県,多古漁港,しまね,35.59809,133.09319,35.59809,133.09319
fishing,島根県,大久漁港,しまね,36.25218,133.37397,36.25218,133.37397
fishing,島根県,大浜漁港,しまね,34.74327,131.872,34.74327,131.872
fishing,島根県,大社漁港,しまね,35.39708,132.66249,35.39708,132.66249
fishing,島根県,大芦漁港,しまね,35.55677,133.04419,35.55677,133.04419
fishing,島根県,宇受賀漁港,海士町,36.11691,133.11067,36.11691,133.11067
fishing,島根県,宇竜漁港,しまね,35.43087,132.63823,35.43087,132.63823
fishing,島根県,小伊津漁港,しまね,35.50337,132.8371,35.50337,132.8371
fishing,島根県,小浜漁港,しまね,34.67533,131.72418,34.67533,131.72418
fishing,島根県,小田漁港,しまね,35.277,132.60019,35.277,132.60019
fishing,島根県,布施漁港,しまね,36.29412,133.35731,36.29412,133.35731
fishing,島根県,御津漁港,しまね,35.53809,133.02764,35.53809,133.02764
fishing,島根県,恵曇漁港,しまね,35.53279,132.96499,35.53279,132.96499
fishing,島根県,折居漁港,しまね,34.82621,131.98442,34.82621,131.98442
fishing,島根県,日祖漁港,しまね,35.1059,132.35466,35.1059,132.35466
fishing,島根県,木部漁港,しまね,34.73066,131.86944,34.73066,131.86944
fishing,島根県,柳瀬漁港,しまね,35.23978,132.51909,35.23978,132.51909
fishing,島根県,沖泊漁港,しまね,35.60309,133.09708,35.60309,133.09708
fishing,島根県,油井漁港,しまね,36.24079,133.2426,36.24079,133.2426
fishing,島根県,波子漁港,しまね,34.96953,132.14968,34.96953,132.14968
fishing,島根県,波根東漁港,しまね,35.24506,132.52853,35.24506,132.52853
fishing,島根県,津戸漁港,しまね,36.16691,133.24066,36.16691,133.24066
fishing,島根県,津摩漁港,しまね,34.86065,132.01387,34.86065,132.01387
fishing,島根県,津田漁港,しまね,34.72705,131.86555,34.72705,131.86555
fishing,島根県,浅利漁港,しまね,35.03841,132.25939,35.03841,132.25939
fishing,島根県,浜田漁港,しまね,34.89476,132.06664,34.89476,132.06664
fishing,島根県,浦郷漁港,しまね,36.09247,132.99401,36.09247,132.99401
fishing,島根県,温泉津漁港,しまね,35.09311,132.34337,35.09311,132.34337
fishing,島根県,湖陵漁港,しまね,35.33338,132.66685,35.33338,132.66685
fishing,島根県,湯戸漁港,しまね,35.08091,132.328,35.08091,132.328
fishing,島根県,湯里漁港,しまね,35.11257,132.36216,35.11257,132.36216
fishing,島根県,瀬崎漁港,しまね,35.59006,133.11534,35.59006,133.11534
fishing,島根県,片江漁港,しまね,35.5617,133.1904,35.5617,133.1904
fishing,島根県,犬来漁港,しまね,36.21774,133.37092,36.21774,133.37092
fishing,島根県,猪目漁港,しまね,35.44087,132.70989,35.44087,132.70989
fishing,島根県,珍崎漁港,しまね,36.06581,132.9854,36.06581,132.9854
fishing,島根県,知夫漁港,しまね,36.01276,133.04068,36.01276,133.04068
fishing,島根県,福浦漁港,しまね,34.80667,131.95322,34.80667,131.95322
fishing,島根県,稲積漁港,しまね,35.56198,133.15902,35.56198,133.15902
fishing,島根県,笠浦漁港,しまね,35.57614,133.13013,35.57614,133.13013
fishing,島根県,箕浦漁港,しまね,36.17941,133.28982,36.17941,133.28982
fishing,島根県,美保関漁港,しまね,35.56115,133.30845,35.56115,133.30845
fishing,島根県,菱浦漁港,海士町,36.10247,133.08151,36.10247,133.08151
fishing,島根県,蛸木漁港,しまね,36.16191,133.24982,36.16191,133.24982
fishing,島根県,西郷漁港,しまね,36.19946,133.33232,36.19946,133.33232
fishing,島根県,豊田漁港,海士町,36.10442,133.12761,36.10442,133.12761
fishing,島根県,那久漁港,しまね,36.21329,133.1951,36.21329,133.1951
fishing,島根県,都万漁港,しまね,36.18996,133.2351,36.18996,133.2351
fishing,島根県,野井漁港,しまね,35.58402,133.1184,35.58402,133.1184
fishing,島根県,野波漁港,しまね,35.57864,133.09208,35.57864,133.09208
fishing,島根県,釜浦漁港,しまね,35.47587,132.75489,35.47587,132.75489
fishing,島根県,雲津漁港,しまね,35.57143,133.28095,35.57143,133.28095
fishing,島根県,須津漁港,しまね,34.77399,131.91388,34.77399,131.91388
fishing,島根県,飯浦漁港,しまね,34.67372,131.70084,34.67372,131.70084
fishing,島根県,高石漁港,海士町,36.09513,133.12671,36.09513,133.12671
fishing,島根県,魚瀬漁港,しまね,35.51559,132.91737,35.51559,132.91737
fishing,島根県,鳥井漁港,しまね,35.21756,132.47353,35.21756,132.47353
fishing,島根県,鵜峠漁港,しまね,35.44448,132.70212,35.44448,132.70212
fishing,島根県,鷺浦漁港,しまね,35.44115,132.6874,35.44115,132.6874
fishing,島根県,黒松漁港,しまね,35.0623,132.31272,35.0623,132.31272
port,岡山県,下津井港,岡山県,34.43742,133.79197,34.43742,133.79197
port,岡山県,丸岩港,笠岡市,34.36777,133.54995,34.36777,133.54995
port,岡山県,久々井港,備前市,34.71879,134.19917,34.71879,134.19917
port,岡山県,児島港,岡山県,34.46602,133.83298,34.46602,133.83298
port,岡山県,前浦港,笠岡市,34.30458,133.53786,34.30458,133.53786
port,岡山県,北木島港,岡山県,34.38295,133.55221,34.38295,133.55221
port,岡山県,大浜港,倉敷市,34.43139,133.81712,34.43139,133.81712
port,岡山県,大浦港,笠岡市,34.34602,133.50758,34.34602,133.50758
port,岡山県,大藪港,玉野市,34.52942,133.96927,34.52942,133.96927
port,岡山県,大飛島港,笠岡市,34.34033,133.49644,34.34033,133.49644
port,岡山県,宇野港,岡山県,34.48427,133.95031,34.48427,133.95031
port,岡山県,寒河港,備前市,34.734,134.29519,34.734,134.29519
port,岡山県,小飛島港,笠岡市,34.34684,133.51802,34.34684,133.51802
port,岡山県,山田港,岡山県,34.54168,134.00618,34.54168,134.00618
port,岡山県,岡山港,岡山県,34.60153,133.99897,34.60153,133.99897
port,岡山県,布浜港,瀬戸内市,34.71147,134.23663,34.71147,134.23663
port,岡山県,師楽港,瀬戸内市,34.63236,134.17656,34.63236,134.17656
port,岡山県,幡港,瀬戸内市,34.62245,134.17506,34.62245,134.17506
port,岡山県,後閑港,玉野市,34.53241,133.97864,34.53241,133.97864
port,岡山県,東備港,岡山県,34.71581,134.26996,34.71581,134.26996
port,岡山県,松尾港,岡山市,34.57595,133.94751,34.57595,133.94751
port,岡山県,松島港,倉敷市,34.42399,133.81637,34.42399,133.81637
port,岡山県,水島港,岡山県,34.4714,133.69603,34.4714,133.69603
port,岡山県,江の浜港,玉野市,34.54436,134.02044,34.54436,134.02044
port,岡山県,渋川港,玉野市,34.45615,133.89941,34.45615,133.89941
port,岡山県,牛窓港,岡山県,34.61078,134.16059,34.61078,134.16059
port,岡山県,犬島港,岡山市,34.56705,134.09884,34.56705,134.09884
port,岡山県,玉津港,瀬戸内市,34.65236,134.17711,34.65236,134.17711
port,岡山県,知尾港,瀬戸内市,34.66389,134.1929,34.66389,134.1929
port,岡山県,石島港,玉野市,34.50408,134.01312,34.50408,134.01312
port,岡山県,笠岡港,岡山県,34.44779,133.52765,34.44779,133.52765
port,岡山県,米倉港,岡山市,34.62705,133.88915,34.62705,133.88915
port,岡山県,網代港,瀬戸内市,34.61667,134.19664,34.61667,134.19664
port,岡山県,豊浦港,笠岡市,34.39634,133.5358,34.39634,133.5358
port,岡山県,野々浜港,玉野市,34.52242,133.96178,34.52242,133.96178
port,岡山県,間口港,瀬戸内市,34.67243,134.2076,34.67243,134.2076
port,岡山県,鴻島港,備前市,34.70347,134.26473,34.70347,134.26473
port,岡山県,黄島港,瀬戸内市,34.60089,134.19679,34.60089,134.19679
fishing,岡山県,下津井漁港,第一田之浦吹上 第一下津井 本田之浦吹上 下津井 備南 長浜,34.43626,133.79871,34.43626,133.79871
fishing,岡山県,久久井漁港,朝日,34.58495,134.08074,34.58495,134.08074
fishing,岡山県,八浜漁港,児島湾淡水,34.55406,133.94037,34.55406,133.94037
fishing,岡山県,勇崎漁港,乙島,34.52017,133.65873,34.52017,133.65873
fishing,岡山県,北浦漁港,岡山市,34.58961,133.96398,34.58961,133.96398
fishing,岡山県,呼松漁港,水島呼松,34.50878,133.76844,34.50878,133.76844
fishing,岡山県,大多府漁港,日生町,34.6854,134.29617,34.6854,134.29617
fishing,岡山県,大畠漁港,第一大畠 大畠 児島,34.44323,133.81205,34.44323,133.81205
fishing,岡山県,寄島漁港,寄島町,34.49045,133.59374,34.49045,133.59374
fishing,岡山県,小原漁港,黒崎,34.51104,133.65063,34.51104,133.65063
fishing,岡山県,朝日漁港,牛窓町 朝日,34.58861,134.11595,34.58861,134.11595
fishing,岡山県,横江漁港,笠岡湾,34.47434,133.52291,34.47434,133.52291
fishing,岡山県,正頭漁港,笠岡市大島,34.46654,133.56041,34.46654,133.56041
fishing,岡山県,沙美漁港,黒崎,34.50387,133.64057,34.50387,133.64057
fishing,岡山県,湛江漁港,笠岡市,34.30815,133.53579,34.30815,133.53579
fishing,岡山県,白石島漁港,笠岡市,34.41001,133.51841,34.41001,133.51841
fishing,岡山県,真鍋島漁港,笠岡市,34.35704,133.57919,34.35704,133.57919
fishing,岡山県,穂浪漁港,伊里,34.72848,134.22389,34.72848,134.22389
fishing,岡山県,虫明漁港,邑久町,34.6835,134.21563,34.6835,134.21563
fishing,岡山県,西脇漁港,牛窓町,34.59381,134.12349,34.59381,134.12349
fishing,岡山県,通生漁港,下津井 第一下津井,34.46101,133.77455,34.46101,133.77455
fishing,岡山県,郡漁港,岡山市,34.58378,133.95981,34.58378,133.95981
fishing,岡山県,金浦漁港,不明,34.51016,133.49096,34.51016,133.49096
fishing,岡山県,金風呂漁港,笠岡市,34.38907,133.52819,34.38907,133.52819
fishing,岡山県,阿津漁港,小串,34.59849,134.01752,34.59849,134.01752
fishing,岡山県,頭島漁港,日生町,34.69898,134.28304,34.69898,134.28304
fishing,岡山県,高島漁港,笠岡市,34.43073,133.50285,34.43073,133.50285
port,広島県,三高港,広島県,34.26067,132.40588,34.26067,132.40588
port,広島県,中浜港,広島県,34.34406,133.18295,34.34406,133.18295
port,広島県,中田港,広島県,34.22907,132.44234,34.22907,132.44234
port,広島県,佐木港,広島県,34.35087,133.12488,34.35087,133.12488
port,広島県,内海港,江田島市,34.20942,132.47096,34.20942,132.47096
port,広島県,千年港,広島県,34.3801,133.30933,34.3801,133.30933
port,広島県,厳島港,広島県,34.3068,132.32349,34.3068,132.32349
port,広島県,吉悪港,呉市,34.20977,132.68235,34.20977,132.68235
port,広島県,呉港,呉市,34.23603,132.53788,34.23603,132.53788
port,広島県,土生港,広島県,34.27415,133.19118,34.27415,133.19118
port,広島県,大柿港,江田島市,34.17315,132.48129,34.17315,132.48129
port,広島県,大竹港,広島県,34.23437,132.23873,34.23437,132.23873
port,広島県,大西港,広島県,34.25981,132.87949,34.25981,132.87949
port,広島県,大迫港,呉市,34.11231,132.57331,34.11231,132.57331
port,広島県,大須港,江田島市,34.28665,132.43447,34.28665,132.43447
port,広島県,奥の内港,呉市,34.16096,132.52774,34.16096,132.52774
port,広島県,安芸津港,東広島市,34.31047,132.81684,34.31047,132.81684
port,広島県,小用港,呉市,34.23894,132.71458,34.23894,132.71458
port,広島県,小用港,広島県,34.26652,132.50269,34.26652,132.50269
port,広島県,尾道糸崎港,広島県,34.39849,133.18607,34.39849,133.18607
port,広島県,川尻港,広島県,34.22748,132.69359,34.22748,132.69359
port,広島県,広島港,広島県,34.33642,132.41828,34.33642,132.41828
port,広島県,御手洗港,広島県,34.19443,132.84125,34.19443,132.84125
port,広島県,忠海港,広島県,34.33425,132.99498,34.33425,132.99498
port,広島県,木江港,広島県,34.23226,132.91959,34.23226,132.91959
port,広島県,椋浦港,尾道市,34.32151,133.20541,34.32151,133.20541
port,広島県,横田港,広島県,34.36208,133.29079,34.36208,133.29079
port,広島県,波多見港,呉市,34.18259,132.55545,34.18259,132.55545
port,広島県,津久茂港,江田島市,34.2463,132.44845,34.2463,132.44845
port,広島県,瀬戸田港,広島県,34.31888,133.09369,34.31888,133.09369
port,広島県,生口港,広島県,34.27526,133.1247,34.27526,133.1247
port,広島県,福山港,広島県,34.39642,133.42069,34.39642,133.42069
port,広島県,福田港,尾道市,34.3868,133.26921,34.3868,133.26921
port,広島県,竹原港,広島県,34.32375,132.9119,34.32375,132.9119
port,広島県,蒲刈港,広島県,34.2056,132.71772,34.2056,132.71772
port,広島県,袋の内港,呉市,34.11316,132.5433,34.11316,132.5433
port,広島県,重井港,広島県,34.35375,133.143,34.35375,133.143
port,広島県,釣士田港,広島県,34.13647,132.4954,34.13647,132.4954
port,広島県,阿伏兎港,福山市,34.37401,133.3462,34.37401,133.3462
port,広島県,須波港,広島県,34.36137,133.08543,34.36137,133.08543
port,広島県,鮴崎港,広島県,34.28015,132.91124,34.28015,132.91124
port,広島県,鷲部矢の浦港,江田島市,34.23416,132.47622,34.23416,132.47622
port,広島県,鹿川港,広島県,34.18247,132.44121,34.18247,132.44121
port,広島県,鹿田港,江田島市,34.23056,132.38624,34.23056,132.38624
fishing,広島県,上ノ浜漁港,大野 大野町 浜毛保,34.29007,132.28335,34.29007,132.28335
fishing,広島県,世上漁港,江田島,34.25017,132.46218,34.25017,132.46218
fishing,広島県,串浜漁港,浦島,34.40813,133.2721,34.40813,133.2721
fishing,広島県,丸石漁港,大野 大野町,34.27378,132.25969,34.27378,132.25969
fishing,広島県,五日市漁港,広島市,34.36099,132.3619,34.36099,132.3619
fishing,広島県,倉橋漁港,倉橋島 倉橋西部,34.1038,132.50634,34.1038,132.50634
fishing,広島県,原漁港,蒲刈町,34.16546,132.74132,34.16546,132.74132
fishing,広島県,吉名漁港,芸南,34.31517,132.87464,34.31517,132.87464
fishing,広島県,吉和漁港,吉和,34.39471,133.16355,34.39471,133.16355
fishing,広島県,地御前漁港,地御前,34.33849,132.31996,34.33849,132.31996
fishing,広島県,塩屋漁港,大野 大野町,34.27903,132.26631,34.27903,132.26631
fishing,広島県,大地蔵漁港,下蒲刈町,34.17415,132.65944,34.17415,132.65944
fishing,広島県,大屋漁港,吉浦,34.2835,132.51773,34.2835,132.51773
fishing,広島県,大町漁港,歌浦,34.38323,133.22294,34.38323,133.22294
fishing,広島県,大芝北漁港,安芸津,34.28129,132.80384,34.28129,132.80384
fishing,広島県,大芝南漁港,早田原,34.27034,132.7987,34.27034,132.7987
fishing,広島県,安浦漁港,安浦,34.28156,132.75548,34.28156,132.75548
fishing,広島県,干汐漁港,向島町,34.37462,133.21794,34.37462,133.21794
fishing,広島県,平漁港,鞆の浦,34.37768,133.3782,34.37768,133.3782
fishing,広島県,情島漁港,阿賀,34.15852,132.5705,34.15852,132.5705
fishing,広島県,柿浦漁港,大柿町,34.17796,132.47273,34.17796,132.47273
fishing,広島県,梅原漁港,大野 大野町 浜毛保,34.28127,132.2731,34.28127,132.2731
fishing,広島県,横田漁港,横島,34.35296,133.2896,34.35296,133.2896
fishing,広島県,水呑漁港,福山市,34.43656,133.40431,34.43656,133.40431
fishing,広島県,沖浦漁港,大崎上島,34.21269,132.89547,34.21269,132.89547
fishing,広島県,泊漁港,浦島,34.36417,133.27184,34.36417,133.27184
fishing,広島県,海老漁港,浦島,34.3933,133.26155,34.3933,133.26155
fishing,広島県,深江漁港,深江,34.16657,132.44913,34.16657,132.44913
fishing,広島県,玖波漁港,くば,34.25461,132.23164,34.25461,132.23164
fishing,広島県,田原漁港,田原,34.17352,132.49856,34.17352,132.49856
fishing,広島県,田尻漁港,福山市,34.42128,133.38598,34.42128,133.38598
fishing,広島県,畑漁港,沖,34.20351,132.4094,34.20351,132.4094
fishing,広島県,立花漁港,向島町,34.36017,133.21044,34.36017,133.21044
fishing,広島県,箱崎漁港,田島,34.35565,133.33707,34.35565,133.33707
fishing,広島県,美能漁港,美能,34.25711,132.38218,34.25711,132.38218
fishing,広島県,能地漁港,幸崎,34.33573,133.03601,34.33573,133.03601
fishing,広島県,草津漁港,井口 広島市,34.36405,132.40079,34.36405,132.40079
fishing,広島県,西浦漁港,因島市,34.31435,133.14906,34.31435,133.14906
fishing,広島県,豊島漁港,大崎下島 豊浜町,34.17824,132.79826,34.17824,132.79826
fishing,広島県,走漁港,走島,34.34851,133.43375,34.34851,133.43375
fishing,広島県,鏡浦漁港,因島市,34.33046,133.19766,34.33046,133.19766
fishing,広島県,長浜漁港,芸南,34.33561,132.96593,34.33561,132.96593
fishing,広島県,長谷漁港,倉橋島,34.14963,132.53051,34.14963,132.53051
fishing,広島県,阿多田漁港,阿多田島,34.19517,132.3133,34.19517,132.3133
fishing,広島県,音戸漁港,音戸,34.19157,132.53384,34.19157,132.53384
fishing,広島県,須波漁港,三原,34.36795,133.08462,34.36795,133.08462
port,山口県,三田尻中関港,山口県,33.98653,131.54679,33.98653,131.54679
port,山口県,下関港,下関市,33.97474,130.97514,33.97474,130.97514
port,山口県,丸尾港,山口県,33.98006,131.35434,33.98006,131.35434
port,山口県,久賀港,山口県,33.95406,132.26226,33.95406,132.26226
port,山口県,仙崎港,,34.4025,131.22373,34.4025,131.22373
port,山口県,伊保田港,山口県,33.94646,132.44701,33.94646,132.44701
port,山口県,厚狭港,山口県,34.00198,131.14556,34.00198,131.14556
port,山口県,埴生港,,34.01021,131.08963,34.01021,131.08963
port,山口県,大畠港,山口県,33.95996,132.17685,33.95996,132.17685
port,山口県,宇部港,山口県,33.91412,131.22711,33.91412,131.22711
port,山口県,安下庄港,山口県,33.88786,132.27806,33.88786,132.27806
port,山口県,室津港,山口県,33.83858,132.11691,33.83858,132.11691
port,山口県,小串港,,34.17595,130.9135,34.17595,130.9135
port,山口県,小松港,山口県,33.93699,132.18439,33.93699,132.18439
port,山口県,小野田港,山口県,33.94986,131.14524,33.94986,131.14524
port,山口県,尾島港,,34.49748,131.34198,34.49748,131.34198
port,山口県,山口東港,山口市,33.99269,131.40608,33.99269,131.40608
port,山口県,山口港,山口県,34.011,131.39085,34.011,131.39085
port,山口県,岩国港,山口県,34.12483,132.26322,34.12483,132.26322
port,山口県,平生港,山口県,33.90583,132.04807,33.90583,132.04807
port,山口県,徳山下松港,山口県,34.00395,131.77999,34.00395,131.77999
port,山口県,日良居港,,33.92258,132.30754,33.92258,132.30754
port,山口県,柱島港,岩国市,34.02621,132.42269,34.02621,132.42269
port,山口県,柳井港,山口県,33.9482,132.13265,33.9482,132.13265
port,山口県,櫃島港,萩市,34.51171,131.3872,34.51171,131.3872
port,山口県,沖浦港,山口県,33.87257,132.24682,33.87257,132.24682
port,山口県,沖浦西港,,33.8794,132.19396,33.8794,132.19396
port,山口県,油良港,,33.9056,132.32014,33.9056,132.32014
port,山口県,油谷港,山口県,34.38041,130.97259,34.38041,130.97259
port,山口県,深川港,,34.38783,131.17107,34.38783,131.17107
port,山口県,特牛港,山口県,34.31744,130.89403,34.31744,130.89403
port,山口県,田部港,,34.55493,131.51927,34.55493,131.51927
port,山口県,由宇港,山口県,34.04609,132.2235,34.04609,132.2235
port,山口県,白木港,山口県,33.90729,132.33924,33.90729,132.33924
port,山口県,相島港,,34.50021,131.28251,34.50021,131.28251
port,山口県,秋穂港,山口市,34.00132,131.4213,34.00132,131.4213
port,山口県,笠佐港,,33.94557,132.16975,33.94557,132.16975
port,山口県,羽島港,,34.46162,131.37979,34.46162,131.37979
port,山口県,肥島港,,34.48068,131.37861,34.48068,131.37861
port,山口県,萩港,山口県,34.43588,131.40149,34.43588,131.40149
port,山口県,角島港,山口県,34.35107,130.8623,34.35107,130.8623
port,山口県,青江港,山口市,34.00293,131.46501,34.00293,131.46501
port,山口県,須佐港,,34.63013,131.59526,34.63013,131.59526
port,山口県,飯井港,,34.3857,131.30215,34.3857,131.30215
fishing,山口県,三蒲漁港,大島町,33.95298,132.21193,33.95298,132.21193
fishing,山口県,三見漁港,山口県,34.39404,131.32475,34.39404,131.32475
fishing,山口県,上関漁港,山口県,33.83647,132.10958,33.83647,132.10958
fishing,山口県,下関漁港,山口県,33.95363,130.90437,33.95363,130.90437
fishing,山口県,中浦漁港,山口県,34.00591,131.52341,34.00591,131.52341
fishing,山口県,丸尾漁港,山口県,33.96892,131.35477,33.96892,131.35477
fishing,山口県,久原漁港,山口県,34.40124,131.00897,34.40124,131.00897
fishing,山口県,久津漁港,山口県,34.40673,130.97213,34.40673,130.97213
fishing,山口県,二見漁港,山口県,34.24729,130.90903,34.24729,130.90903
fishing,山口県,仙崎漁港,山口県,34.38874,131.20422,34.38874,131.20422
fishing,山口県,伊上漁港,山口県,34.37435,131.02219,34.37435,131.02219
fishing,山口県,伊保庄漁港,山口県,33.9127,132.12944,33.9127,132.12944
fishing,山口県,佐賀漁港,山口県,33.88825,132.08653,33.88825,132.08653
fishing,山口県,光漁港,山口県,33.92853,131.97473,33.92853,131.97473
fishing,山口県,八島漁港,山口県,33.73271,132.14382,33.73271,132.14382
fishing,山口県,六連島漁港,山口県,33.97474,130.86741,33.97474,130.86741
fishing,山口県,刈屋漁港,山口県,33.96157,131.16314,33.96157,131.16314
fishing,山口県,前島漁港,久賀,33.99881,132.26553,33.99881,132.26553
fishing,山口県,吉母漁港,山口県,34.0871,130.87955,34.0871,130.87955
fishing,山口県,吉見漁港,山口県,34.06261,130.90777,34.06261,130.90777
fishing,山口県,向島漁港,山口県,34.02379,131.58448,34.02379,131.58448
fishing,山口県,和久漁港,山口県,34.30887,130.88331,34.30887,130.88331
fishing,山口県,和田漁港,山口県,33.9128,132.39662,33.9128,132.39662
fishing,山口県,埴生漁港,山口県,34.03656,131.09036,34.03656,131.09036
fishing,山口県,大井漁港,山口県,34.47245,131.44197,34.47245,131.44197
fishing,山口県,大島漁港,山口県,34.49046,131.41314,34.49046,131.41314
fishing,山口県,大津島漁港,山口県,33.99325,131.7193,33.99325,131.7193
fishing,山口県,大浦漁港,山口県,34.40436,130.95305,34.40436,130.95305
fishing,山口県,大道漁港,山口県,34.03013,131.46881,34.03013,131.46881
fishing,山口県,奈古漁港,山口県,34.50454,131.45772,34.50454,131.45772
fishing,山口県,宇田郷漁港,山口県,34.57403,131.54828,34.57403,131.54828
fishing,山口県,宇賀漁港,山口県,34.20848,130.93065,34.20848,130.93065
fishing,山口県,宇部岬漁港,宇部岬,33.92546,131.26257,33.92546,131.26257
fishing,山口県,安下庄漁港,山口県,33.8934,132.29775,33.8934,132.29775
fishing,山口県,安岡漁港,山口県,34.02294,130.91399,34.02294,130.91399
fishing,山口県,室津下漁港,山口県,34.13602,130.88791,34.13602,130.88791
fishing,山口県,室津漁港,山口県,33.83141,132.13433,33.83141,132.13433
fishing,山口県,富海漁港,山口県,34.0457,131.64079,34.0457,131.64079
fishing,山口県,小串漁港,山口県,34.17068,130.92348,34.17068,130.92348
fishing,山口県,小島漁港,山口県,34.37924,131.22342,34.37924,131.22342
fishing,山口県,尾津漁港,山口県,33.91326,132.04528,33.91326,132.04528
fishing,山口県,山口漁港,山口県,34.00773,131.4122,34.00773,131.4122
fishing,山口県,島戸漁港,山口県,34.35108,130.89859,34.35108,130.89859
fishing,山口県,川尻漁港,山口県,34.41985,131.00314,34.41985,131.00314
fishing,山口県,川棚漁港,山口県,34.15821,130.91093,34.15821,130.91093
fishing,山口県,平郡漁港,山口県,33.8027,132.19814,33.8027,132.19814
fishing,山口県,床波漁港,山口県,33.94907,131.31173,33.94907,131.31173
fishing,山口県,徳山漁港,山口県,34.00824,131.83168,34.00824,131.83168
fishing,山口県,志佐漁港,大島町,33.91802,132.17647,33.91802,132.17647
fishing,山口県,戸田漁港,山口県,34.05351,131.67836,34.05351,131.67836
fishing,山口県,掛淵漁港,山口県,34.37542,131.03459,34.37542,131.03459
fishing,山口県,日良居漁港,山口県,33.91993,132.30192,33.91993,132.30192
fishing,山口県,柳井漁港,山口県,33.95659,132.12916,33.95659,132.12916
fishing,山口県,梶漁港,山口県,34.00013,131.1363,34.00013,131.1363
fishing,山口県,森野漁港,山口県,33.91176,132.37897,33.91176,132.37897
fishing,山口県,椋野漁港,久賀,33.96048,132.23026,33.96048,132.23026
fishing,山口県,江崎漁港,山口県,34.65807,131.65761,34.65807,131.65761
fishing,山口県,油田漁港,山口県,33.93215,132.43691,33.93215,132.43691
fishing,山口県,津黄漁港,山口県,34.41897,131.06835,34.41897,131.06835
fishing,山口県,浮島漁港,山口県,33.96138,132.3492,33.96138,132.3492
fishing,山口県,涌田漁港,黒井,34.14737,130.90399,34.14737,130.90399
fishing,山口県,湊漁港,山口県,34.379,131.18187,34.379,131.18187
fishing,山口県,牛島漁港,山口県,33.85962,132.00991,33.85962,132.00991
fishing,山口県,牟礼漁港,山口県,34.03514,131.60318,34.03514,131.60318
fishing,山口県,玉江漁港,山口県,34.41719,131.37645,34.41719,131.37645
fishing,山口県,王喜漁港,山口県,34.03961,131.06175,34.03961,131.06175
fishing,山口県,由宇漁港,神代,33.9973,132.21015,33.9973,132.21015
fishing,山口県,白木漁港,山口県,33.88521,132.33164,33.88521,132.33164
fishing,山口県,相原漁港,山口県,34.04859,131.38772,34.04859,131.38772
fishing,山口県,相島漁港,山口県,34.50153,131.28199,34.50153,131.28199
fishing,山口県,矢玉漁港,山口県,34.26797,130.89064,34.26797,130.89064
fishing,山口県,祝島漁港,山口県,33.78748,131.99108,33.78748,131.99108
fishing,山口県,神代漁港,神代,33.97131,132.19221,33.97131,132.19221
fishing,山口県,福川漁港,山口県,34.06351,131.73864,34.06351,131.73864
fishing,山口県,秋穂漁港,山口県,34.00935,131.4295,34.00935,131.4295
fishing,山口県,立石漁港,山口県,34.41127,131.04469,34.41127,131.04469
fishing,山口県,端島漁港,柱島,34.03579,132.3871,34.03579,132.3871
fishing,山口県,粭大島漁港,山口県,33.98036,131.76642,33.98036,131.76642
fishing,山口県,肥中漁港,山口県,34.32494,130.8972,34.32494,130.8972
fishing,山口県,萩漁港,山口県,34.43001,131.40912,34.43001,131.40912
fishing,山口県,蓋井島漁港,山口県,34.09876,130.79157,34.09876,130.79157
fishing,山口県,西浦漁港,山口県,34.01198,131.51074,34.01198,131.51074
fishing,山口県,見島漁港,山口県,34.77425,131.16144,34.77425,131.16144
fishing,山口県,角島漁港,角島,34.35589,130.85803,34.35589,130.85803
fishing,山口県,通津漁港,通津,34.06846,132.21007,34.06846,132.21007
fishing,山口県,通漁港,山口県,34.4226,131.25251,34.4226,131.25251
fishing,山口県,野島漁港,山口県,33.94701,131.69517,33.94701,131.69517
fishing,山口県,野波瀬漁港,山口県,34.38397,131.24909,34.38397,131.24909
fishing,山口県,阿川漁港,山口県,34.34923,130.92564,34.34923,130.92564
fishing,山口県,阿月漁港,山口県,33.89937,132.12694,33.89937,132.12694
fishing,山口県,阿知須漁港,山口県,34.00114,131.37378,34.00114,131.37378
fishing,山口県,須佐漁港,山口県,34.62133,131.5893,34.62133,131.5893
fishing,山口県,高泊漁港,山口県,34.00273,131.14927,34.00273,131.14927
fishing,山口県,鳴門漁港,大畠,33.95723,132.16451,33.95723,132.16451
fishing,山口県,黄波戸漁港,山口県,34.39381,131.13914,34.39381,131.13914
fishing,山口県,黒島漁港,柱島,33.99524,132.33641,33.99524,132.33641
port,徳島県,中島港,徳島県,33.94903,134.70071,33.94903,134.70071
port,徳島県,亀浦港,徳島県,34.23407,134.626,34.23407,134.626
port,徳島県,今切港,徳島県,34.10172,134.60977,34.10172,134.60977
port,徳島県,富岡港,徳島県,33.92208,134.71134,33.92208,134.71134
port,徳島県,徳島小松島港,徳島県,34.02819,134.60691,34.02819,134.60691
port,徳島県,折野港,徳島県,34.21857,134.473,34.21857,134.473
port,徳島県,撫養港,徳島県,34.17975,134.64485,34.17975,134.64485
port,徳島県,日和佐港,徳島県,33.73019,134.55116,33.73019,134.55116
port,徳島県,橘港,徳島県,33.86251,134.66893,33.86251,134.66893
port,徳島県,浅川港,徳島県,33.63133,134.37976,33.63133,134.37976
port,徳島県,粟津港,徳島県,34.14382,134.62539,34.14382,134.62539
port,徳島県,那佐港,徳島県,33.584,134.36116,33.584,134.36116
fishing,徳島県,三津漁港,北灘,34.20823,134.46443,34.20823,134.46443
fishing,徳島県,中林漁港,中林,33.90248,134.69171,33.90248,134.69171
fishing,徳島県,亀浦漁港,鳴門町,34.21477,134.63323,34.21477,134.63323
fishing,徳島県,今津漁港,今津,33.97071,134.66202,33.97071,134.66202
fishing,徳島県,伊島漁港,伊島,33.84499,134.80559,33.84499,134.80559
fishing,徳島県,伊座利漁港,伊座利,33.80083,134.66922,33.80083,134.66922
fishing,徳島県,出羽島漁港,牟岐町,33.6377,134.42329,33.6377,134.42329
fishing,徳島県,土佐泊漁港,新鳴門,34.19078,134.61949,34.19078,134.61949
fishing,徳島県,大浦漁港,北灘,34.22661,134.52505,34.22661,134.52505
fishing,徳島県,大潟漁港,大潟,33.88507,134.67331,33.88507,134.67331
fishing,徳島県,宍喰漁港,宍喰,33.56223,134.31259,33.56223,134.31259
fishing,徳島県,室漁港,室撫佐,34.24033,134.61675,34.24033,134.61675
fishing,徳島県,小杭漁港,椿泊,33.84584,134.6692,33.84584,134.6692
fishing,徳島県,後戸漁港,椿泊,33.84485,134.64082,33.84485,134.64082
fishing,徳島県,恵比須浜漁港,日和佐町,33.74014,134.5548,33.74014,134.5548
fishing,徳島県,撫佐漁港,室撫佐,34.23129,134.60775,34.23129,134.60775
fishing,徳島県,日出漁港,堂の浦,34.22491,134.57238,34.22491,134.57238
fishing,徳島県,曲漁港,椿泊,33.84816,134.67706,33.84816,134.67706
fishing,徳島県,椿泊漁港,阿南椿泊,33.84388,134.71532,33.84388,134.71532
fishing,徳島県,櫛木漁港,北灘,34.22261,134.55992,34.22261,134.55992
fishing,徳島県,瀬戸漁港,,34.2241,134.59141,34.2241,134.59141
fishing,徳島県,牟岐漁港,牟岐東 牟岐町,33.665,134.42258,33.665,134.42258
fishing,徳島県,由岐漁港,阿部 志和岐 東由岐 西由岐 木岐,33.77,134.59145,33.77,134.59145
fishing,徳島県,碁の浦漁港,北灘,34.20863,134.44356,34.20863,134.44356
fishing,徳島県,竹ヶ島漁港,宍喰,33.54537,134.31556,33.54537,134.31556
fishing,徳島県,粟津漁港,里浦,34.14856,134.61227,34.14856,134.61227
fishing,徳島県,粟田漁港,北灘,34.22466,134.54727,34.22466,134.54727
fishing,徳島県,長原漁港,長原,34.11428,134.59862,34.11428,134.59862
fishing,徳島県,鞆奥漁港,鞆浦,33.59195,134.36481,33.59195,134.36481
port,香川県,三本松港,香川県,34.25637,134.34243,34.25637,134.34243
port,香川県,三都港,小豆島町,34.43032,134.22908,34.43032,134.22908
port,香川県,与島港,坂出市,34.39029,133.82593,34.39029,133.82593
port,香川県,丸亀港,香川県,34.30111,133.77533,34.30111,133.77533
port,香川県,久通港,高松市,34.36099,134.1209,34.36099,134.1209
port,香川県,仁尾港,香川県,34.1945,133.63883,34.1945,133.63883
port,香川県,佐柳港,多度津町,34.34509,133.63378,34.34509,133.63378
port,香川県,内海港,香川県,34.46843,134.29707,34.46843,134.29707
port,香川県,北浦港,土庄町,34.53292,134.23635,34.53292,134.23635
port,香川県,吉野崎港,小豆島町,34.45274,134.23745,34.45274,134.23745
port,香川県,土庄東港,香川県,34.47246,134.18134,34.47246,134.18134
port,香川県,土庄港,香川県,34.49961,134.16207,34.49961,134.16207
port,香川県,坂出港,坂出市,34.34944,133.86261,34.34944,133.86261
port,香川県,坂手港,香川県,34.4537,134.31907,34.4537,134.31907
port,香川県,多度津港,香川県,34.27719,133.74153,34.27719,133.74153
port,香川県,大島港,高松市,34.40716,134.1041,34.40716,134.1041
port,香川県,大浦港,丸亀市,34.39348,133.76115,34.39348,133.76115
port,香川県,大部港,香川県,34.54894,134.28441,34.54894,134.28441
port,香川県,女木港,高松市,34.38874,134.05078,34.38874,134.05078
port,香川県,宇多津港,香川県,34.32002,133.80881,34.32002,133.80881
port,香川県,安戸港,東かがわ市,34.2389,134.39893,34.2389,134.39893
port,香川県,室本港,観音寺市,34.15725,133.64309,34.15725,133.64309
port,香川県,室生北港,小豆島町,34.46834,134.23248,34.46834,134.23248
port,香川県,宮浦港,香川県,34.45583,133.97283,34.45583,133.97283
port,香川県,家浦港,香川県,34.49099,134.05888,34.49099,134.05888
port,香川県,小浦港,丸亀市,34.3569,133.78333,34.3569,133.78333
port,香川県,小瀬港,土庄町,34.47173,134.14174,34.47173,134.14174
port,香川県,小豊島港,土庄町,34.47949,134.11373,34.47949,134.11373
port,香川県,尻浜港,丸亀市,34.38681,133.7543,34.38681,133.7543
port,香川県,屏風港,直島町,34.49803,133.97435,34.49803,133.97435
port,香川県,庵治港,高松市,34.38118,134.12141,34.38118,134.12141
port,香川県,引田港,香川県,34.22994,134.40873,34.22994,134.40873
port,香川県,志々島港,三豊市,34.26759,133.67621,34.26759,133.67621
port,香川県,志度港,香川県,34.32869,134.1723,34.32869,134.1723
port,香川県,手島港,丸亀市,34.40189,133.67461,34.40189,133.67461
port,香川県,新在家港,丸亀市,34.3922,133.79168,34.3922,133.79168
port,香川県,木沢港,坂出市,34.38199,133.9198,34.38199,133.9198
port,香川県,本島港,丸亀市,34.37966,133.77934,34.37966,133.77934
port,香川県,江の浦港,丸亀市,34.36024,133.72007,34.36024,133.72007
port,香川県,江島港,土庄町,34.52018,134.18834,34.52018,134.18834
port,香川県,池田港,香川県,34.47565,134.22675,34.47565,134.22675
port,香川県,津田港,香川県,34.29067,134.25978,34.29067,134.25978
port,香川県,牟礼港,香川県,34.3422,134.15729,34.3422,134.15729
port,香川県,猪塚港,さぬき市,34.32802,134.26375,34.32802,134.26375
port,香川県,生ノ浜港,丸亀市,34.37658,133.75744,34.37658,133.75744
port,香川県,男木港,高松市,34.42366,134.05292,34.42366,134.05292
port,香川県,白鳥港,香川県,34.25383,134.37001,34.25383,134.37001
port,香川県,直島港,香川県,34.46962,133.99263,34.46962,133.99263
port,香川県,石場港,高松市,34.36662,134.11262,34.36662,134.11262
port,香川県,立石港,高松市,34.36198,134.11648,34.36198,134.11648
port,香川県,箱浦港,三豊市,34.26125,133.59192,34.26125,133.59192
port,香川県,粟島港,三豊市,34.2677,133.63837,34.2677,133.63837
port,香川県,粟島西港,三豊市,34.27043,133.62027,34.27043,133.62027
port,香川県,船越港,三豊市,34.23927,133.62022,34.23927,133.62022
port,香川県,船隠港,三豊市,34.27853,133.63076,34.27853,133.63076
port,香川県,葛原港,高松市,34.35782,134.16036,34.35782,134.16036
port,香川県,見立港,多度津町,34.24738,133.71207,34.24738,133.71207
port,香川県,観音寺港,香川県,34.12585,133.62905,34.12585,133.62905
port,香川県,詫間港,香川県,34.24616,133.66482,34.24616,133.66482
port,香川県,豊浜港,香川県,34.0795,133.63375,34.0795,133.63375
port,香川県,里浦港,丸亀市,34.36447,133.78171,34.36447,133.78171
port,香川県,長崎鼻港,高松市,34.38274,134.09606,34.38274,134.09606
port,香川県,青木港,丸亀市,34.37535,133.68964,34.37535,133.68964
port,香川県,風戸港,直島町,34.47959,133.97425,34.47959,133.97425
port,香川県,馬越港,土庄町,34.52189,134.20923,34.52189,134.20923
port,香川県,高松港,香川県,34.36604,134.0354,34.36604,134.0354
port,香川県,高見港,多度津町,34.31468,133.6856,34.31468,133.6856
fishing,香川県,上新田漁港,粟島,34.27588,133.65483,34.27588,133.65483
fishing,香川県,乃生漁港,坂出市,34.37797,133.90399,34.37797,133.90399
fishing,香川県,亀水漁港,下笠居,34.37824,133.9451,34.37824,133.9451
fishing,香川県,二面漁港,池田,34.46241,134.24118,34.46241,134.24118
fishing,香川県,伊吹漁港,伊吹,34.13188,133.53458,34.13188,133.53458
fishing,香川県,元目漁港,北浦,34.52018,134.20201,34.52018,134.20201
fishing,香川県,入部漁港,池田,34.48157,134.20174,34.48157,134.20174
fishing,香川県,北浦漁港,宇多津,34.32103,133.82622,34.32103,133.82622
fishing,香川県,千軒漁港,土庄中央,34.46852,134.14619,34.46852,134.14619
fishing,香川県,吉ヶ浦漁港,池田,34.4303,134.24789,34.4303,134.24789
fishing,香川県,吉田漁港,内海町,34.55874,134.34917,34.55874,134.34917
fishing,香川県,吉見漁港,津田,34.30793,134.2492,34.30793,134.2492
fishing,香川県,唐櫃漁港,唐櫃,34.49075,134.0985,34.49075,134.0985
fishing,香川県,四海漁港,四海,34.51518,134.16618,34.51518,134.16618
fishing,香川県,堀越漁港,内海町,34.45769,134.30423,34.45769,134.30423
fishing,香川県,大泊漁港,内海町,34.45022,134.33939,34.45022,134.33939
fishing,香川県,大浜漁港,西詫間,34.23214,133.60596,34.23214,133.60596
fishing,香川県,室沖漁港,鴨庄,34.3385,134.18523,34.3385,134.18523
fishing,香川県,室浜漁港,詫間,34.26353,133.57402,34.26353,133.57402
fishing,香川県,室生漁港,大分県,34.466,134.23716,34.466,134.23716
fishing,香川県,家の浦漁港,仁尾町,34.21353,133.62485,34.21353,133.62485
fishing,香川県,富士漁港,池田,34.43624,134.23607,34.43624,134.23607
fishing,香川県,小手島漁港,本島,34.37685,133.65262,34.37685,133.65262
fishing,香川県,小海漁港,北浦,34.53157,134.24062,34.53157,134.24062
fishing,香川県,小田浦漁港,小田,34.33796,134.23776,34.33796,134.23776
fishing,香川県,小田漁港,小田,34.34069,134.23965,34.34069,134.23965
fishing,香川県,小磯漁港,東讃,34.26771,134.32145,34.26771,134.32145
fishing,香川県,小蔦島漁港,仁尾町,34.20187,133.62763,34.20187,133.62763
fishing,香川県,小部漁港,土庄中央,34.55014,134.30414,34.55014,134.30414
fishing,香川県,岩谷漁港,内海町,34.49984,134.34887,34.49984,134.34887
fishing,香川県,岩黒漁港,与島,34.40629,133.81122,34.40629,133.81122
fishing,香川県,庵治漁港,庵治,34.38774,134.12726,34.38774,134.12726
fishing,香川県,引田漁港,引田,34.22438,134.40867,34.22438,134.40867
fishing,香川県,当浜漁港,内海町,34.52272,134.35598,34.52272,134.35598
fishing,香川県,御供所漁港,坂出市,34.3238,133.83705,34.3238,133.83705
fishing,香川県,房前漁港,牟礼,34.33306,134.16047,34.33306,134.16047
fishing,香川県,新開(鴨庄)漁港,鴨庄,34.34388,134.2027,34.34388,134.2027
fishing,香川県,曽保漁港,仁尾町,34.17021,133.64735,34.17021,133.64735
fishing,香川県,本村漁港,粟島,34.26992,133.68179,34.26992,133.68179
fishing,香川県,東浦漁港,女川町,34.35859,133.85469,34.35859,133.85469
fishing,香川県,柳漁港,土庄中央,34.46324,134.15952,34.46324,134.15952
fishing,香川県,橘漁港,内海町,34.48991,134.34367,34.48991,134.34367
fishing,香川県,櫃石漁港,与島,34.41768,133.8065,34.41768,133.8065
fishing,香川県,江の浜漁港,庵治,34.39698,134.1261,34.39698,134.1261
fishing,香川県,江泊漁港,津田,34.31881,134.26201,34.31881,134.26201
fishing,香川県,泊漁港,鴨庄,34.33464,134.1873,34.33464,134.1873
fishing,香川県,浦生漁港,屋島,34.36353,134.08993,34.36353,134.08993
fishing,香川県,瀬の倉漁港,内海町,34.45055,134.32448,34.45055,134.32448
fishing,香川県,牛ヶ浦漁港,池田,34.46232,134.26629,34.46232,134.26629
fishing,香川県,牛ヶ首漁港,直島,34.50518,133.97314,34.50518,133.97314
fishing,香川県,王子前漁港,土庄中央,34.47896,134.1905,34.47896,134.1905
fishing,香川県,琴塚漁港,土庄中央,34.54629,134.25673,34.54629,134.25673
fishing,香川県,生里漁港,西詫間,34.24992,133.57958,34.24992,133.57958
fishing,香川県,田井漁港,土庄中央,34.5499,134.26867,34.5499,134.26867
fishing,香川県,田浦漁港,内海町,34.45194,134.28536,34.45194,134.28536
fishing,香川県,甲生漁港,土庄中央,34.46874,134.06672,34.46874,134.06672
fishing,香川県,甲路漁港,本島,34.35685,133.69456,34.35685,133.69456
fishing,香川県,男木漁港,男木島,34.41842,134.05766,34.41842,134.05766
fishing,香川県,白方(白方)漁港,白方,34.26032,133.73062,34.26032,133.73062
fishing,香川県,白方(鴨庄)漁港,鴨庄,34.3445,134.19189,34.3445,134.19189
fishing,香川県,相生漁港,引田,34.21373,134.4256,34.21373,134.4256
fishing,香川県,硯漁港,土庄中央,34.49712,134.06925,34.49712,134.06925
fishing,香川県,福田(本島)漁港,本島,34.39241,133.75428,34.39241,133.75428
fishing,香川県,福田(福田)漁港,内海町,34.54046,134.34644,34.54046,134.34644
fishing,香川県,積浦漁港,直島,34.45274,134.00305,34.45274,134.00305
fishing,香川県,積漁港,詫間,34.24992,133.61207,34.24992,133.61207
fishing,香川県,竹居漁港,庵治,34.39988,134.13839,34.39988,134.13839
fishing,香川県,竹生漁港,内海町,34.46746,134.26822,34.46746,134.26822
fishing,香川県,笠島漁港,本島,34.39491,133.78761,34.39491,133.78761
fishing,香川県,箕浦漁港,西かがわ,34.04661,133.61375,34.04661,133.61375
fishing,香川県,篠尾漁港,庵治,34.37824,134.16468,34.37824,134.16468
fishing,香川県,股島漁港,伊吹,34.10715,133.4482,34.10715,133.4482
fishing,香川県,肥地木漁港,西詫間,34.24353,133.58291,34.24353,133.58291
fishing,香川県,脇元漁港,鶴羽,34.28483,134.27658,34.28483,134.27658
fishing,香川県,花稲漁港,西かがわ,34.09271,133.63902,34.09271,133.63902
fishing,香川県,苫張漁港,小田,34.34773,134.2221,34.34773,134.2221
fishing,香川県,茂浦漁港,本島,34.38602,133.70706,34.38602,133.70706
fishing,香川県,蒲生漁港,池田,34.48102,134.21201,34.48102,134.21201
fishing,香川県,蒲野漁港,池田,34.43936,134.25201,34.43936,134.25201
fishing,香川県,西浦(女木島)漁港,女木島,34.39547,134.04453,34.39547,134.04453
fishing,香川県,西浦(瀬居島)漁港,与島,34.35436,133.84733,34.35436,133.84733
fishing,香川県,見目漁港,北浦,34.52737,134.229,34.52737,134.229
fishing,香川県,谷尻漁港,池田,34.42575,134.24812,34.42575,134.24812
fishing,香川県,鎌野漁港,庵治,34.39368,134.15084,34.39368,134.15084
fishing,香川県,長崎漁港,池田,34.45346,134.26109,34.45346,134.26109
fishing,香川県,長浜(四海)漁港,四海,34.51727,134.18085,34.51727,134.18085
fishing,香川県,長浜(鴨庄)漁港,鴨庄,34.34996,134.2118,34.34996,134.2118
fishing,香川県,馬宿漁港,引田,34.22063,134.41667,34.22063,134.41667
fishing,香川県,馬篠漁港,東讃,34.2741,134.2934,34.2741,134.2934
fishing,香川県,高尻漁港,庵治,34.36457,134.15856,34.36457,134.15856
fishing,香川県,高松漁港,高松市瀬戸内,34.35047,134.03287,34.35047,134.03287
fishing,香川県,鹿島漁港,土庄中央,34.47301,134.17279,34.47301,134.17279
port,愛媛県,三島川之江港,愛媛県,34.00658,133.54178,34.00658,133.54178
port,愛媛県,三崎港,愛媛県,33.38384,132.10944,33.38384,132.10944
port,愛媛県,三机港,伊方町,33.46127,132.25679,33.46127,132.25679
port,愛媛県,三瓶港,西予市,33.38127,132.4172,33.38127,132.4172
port,愛媛県,上浦港,今治市,34.26705,133.04627,34.26705,133.04627
port,愛媛県,中島港,愛媛県,33.97116,132.64539,33.97116,132.64539
port,愛媛県,今治港,今治市,34.07,133.01844,34.07,133.01844
port,愛媛県,伊予港,愛媛県,33.75759,132.69358,33.75759,132.69358
port,愛媛県,伊方港,伊方町,33.47678,132.35899,33.47678,132.35899
port,愛媛県,伯方港,愛媛県,34.20462,133.12665,34.20462,133.12665
port,愛媛県,八幡浜港,八幡浜市,33.45484,132.41076,33.45484,132.41076
port,愛媛県,前浜港,今治市,34.23223,133.07862,34.23223,133.07862
port,愛媛県,北条港,愛媛県,33.97616,132.76856,33.97616,132.76856
port,愛媛県,北浦港,今治市,34.23687,133.10115,34.23687,133.10115
port,愛媛県,古江港,今治市,34.22,133.11503,34.22,133.11503
port,愛媛県,吉海港,愛媛県,34.15909,133.03379,34.15909,133.03379
port,愛媛県,吉田港,宇和島市,33.26794,132.54056,33.26794,132.54056
port,愛媛県,四坂港,今治市,34.11044,133.18678,34.11044,133.18678
port,愛媛県,堀江港,松山市,33.90935,132.74849,33.90935,132.74849
port,愛媛県,大下港,今治市,34.19017,132.91986,34.19017,132.91986
port,愛媛県,大見港,今治市,34.26006,132.99121,34.26006,132.99121
port,愛媛県,宇和島港,愛媛県,33.22919,132.54805,33.22919,132.54805
port,愛媛県,宮浦港,愛媛県,34.25028,132.98623,34.25028,132.98623
port,愛媛県,寒川港,愛媛県,33.97256,133.51379,33.97256,133.51379
port,愛媛県,小漕港,上島町,34.2793,133.14433,34.2793,133.14433
port,愛媛県,岡村港,今治市,34.18006,132.88405,34.18006,132.88405
port,愛媛県,岩松港,愛媛県,33.12669,132.49848,33.12669,132.49848
port,愛媛県,川之石港,愛媛県,33.47187,132.39257,33.47187,132.39257
port,愛媛県,弓削港,愛媛県,34.25834,133.19717,34.25834,133.19717
port,愛媛県,御荘港,愛媛県,32.96789,132.54054,32.96789,132.54054
port,愛媛県,新居浜港,新居浜港務局,33.99438,133.30987,33.99438,133.30987
port,愛媛県,早川港,今治市,34.19529,133.04189,34.19529,133.04189
port,愛媛県,有津港,今治市,34.20118,133.09717,34.20118,133.09717
port,愛媛県,東予港,愛媛県,33.9731,133.14338,33.9731,133.14338
port,愛媛県,松前港,愛媛県,33.78555,132.69203,33.78555,132.69203
port,愛媛県,松山港,愛媛県,33.86332,132.69886,33.86332,132.69886
port,愛媛県,枝越港,今治市,34.20351,133.07173,34.20351,133.07173
port,愛媛県,桜井河口港,,34.01663,133.04926,34.01663,133.04926
port,愛媛県,森上港,今治市,34.12773,132.93384,34.12773,132.93384
port,愛媛県,波方港,愛媛県,34.12341,132.95504,34.12341,132.95504
port,愛媛県,波止浜港,愛媛県,34.11109,132.97027,34.11109,132.97027
port,愛媛県,熊口港,今治市,34.21832,133.06365,34.21832,133.06365
port,愛媛県,玉津港,愛媛県,33.31153,132.52284,33.31153,132.52284
port,愛媛県,生名港,上島町,34.26707,133.18648,34.26707,133.18648
port,愛媛県,田ノ浦港,今治市,34.18582,133.02716,34.18582,133.02716
port,愛媛県,立石港,上島町,34.27814,133.17756,34.27814,133.17756
port,愛媛県,菊間港,愛媛県,34.03749,132.83624,34.03749,132.83624
port,愛媛県,西中港,松山市,33.98568,132.60118,33.98568,132.60118
port,愛媛県,西部港,上島町,34.24936,133.13174,34.24936,133.13174
port,愛媛県,長江港,上島町,34.27212,133.15932,34.27212,133.15932
port,愛媛県,長浜港,愛媛県,33.62493,132.49103,33.62493,132.49103
fishing,愛媛県,三崎漁港,三崎,33.38854,132.07836,33.38854,132.07836
fishing,愛媛県,三瓶漁港,八幡浜,33.37836,132.41423,33.37836,132.41423
fishing,愛媛県,上弓削漁港,弓削,34.27713,133.21016,34.27713,133.21016
fishing,愛媛県,上怒和漁港,中島三和,33.98659,132.55829,33.98659,132.55829
fishing,愛媛県,上灘漁港,上灘,33.69093,132.63741,33.69093,132.63741
fishing,愛媛県,下泊漁港,八幡浜,33.33999,132.38894,33.33999,132.38894
fishing,愛媛県,下田水漁港,渦浦,34.12702,133.0213,34.12702,133.0213
fishing,愛媛県,中浦漁港,愛南,32.96526,132.49585,32.96526,132.49585
fishing,愛媛県,中玉漁港,愛南,32.92113,132.59707,32.92113,132.59707
fishing,愛媛県,九丁漁港,八幡浜,33.46991,132.3022,33.46991,132.3022
fishing,愛媛県,九島漁港,宇和島,33.22125,132.52734,33.22125,132.52734
fishing,愛媛県,亀岡漁港,菊間町,34.05687,132.87353,34.05687,132.87353
fishing,愛媛県,二及漁港,八幡浜,33.37502,132.40655,33.37502,132.40655
fishing,愛媛県,二名漁港,川之江,34.03418,133.5896,34.03418,133.5896
fishing,愛媛県,二神漁港,中島三和,33.93382,132.53968,33.93382,132.53968
fishing,愛媛県,伊方漁港,八幡浜,33.48439,132.34813,33.48439,132.34813
fishing,愛媛県,伊方越漁港,八幡浜,33.50387,132.34165,33.50387,132.34165
fishing,愛媛県,佐島漁港,弓削,34.2538,133.18795,34.2538,133.18795
fishing,愛媛県,佐田岬漁港,三崎,33.36399,132.05101,33.36399,132.05101
fishing,愛媛県,余所国漁港,宮窪町,34.19231,133.06067,34.19231,133.06067
fishing,愛媛県,俵津漁港,明浜,33.32191,132.49187,33.32191,132.49187
fishing,愛媛県,元怒和漁港,中島三和,33.97697,132.53908,33.97697,132.53908
fishing,愛媛県,八幡浜漁港,八幡浜,33.45871,132.41074,33.45871,132.41074
fishing,愛媛県,出海漁港,長浜町,33.55927,132.43266,33.55927,132.43266
fishing,愛媛県,北浦(伯方)漁港,伯方町,34.2313,133.10712,34.2313,133.10712
fishing,愛媛県,北浦漁港,松山市,33.91092,132.67765,33.91092,132.67765
fishing,愛媛県,北福浦漁港,北灘,33.14689,132.43645,33.14689,132.43645
fishing,愛媛県,南君漁港,吉田町,33.26821,132.50042,33.26821,132.50042
fishing,愛媛県,南浦漁港,渦浦津倉,34.11353,133.03907,34.11353,133.03907
fishing,愛媛県,友浦漁港,宮窪町,34.1525,133.08315,34.1525,133.08315
fishing,愛媛県,口総漁港,大三島,34.22239,132.96206,34.22239,132.96206
fishing,愛媛県,台漁港,大三島,34.23807,132.99029,34.23807,132.99029
fishing,愛媛県,名取漁港,三崎,33.38905,132.15426,33.38905,132.15426
fishing,愛媛県,周木漁港,八幡浜,33.37103,132.38652,33.37103,132.38652
fishing,愛媛県,喜多漁港,長浜町,33.63497,132.52469,33.63497,132.52469
fishing,愛媛県,喜木津漁港,八幡浜,33.52886,132.38609,33.52886,132.38609
fishing,愛媛県,喜路漁港,日振島,33.15113,132.30778,33.15113,132.30778
fishing,愛媛県,嘉島漁港,戸島,33.2275,132.36427,33.2275,132.36427
fishing,愛媛県,四ツ浜漁港,八幡浜,33.42339,132.22141,33.42339,132.22141
fishing,愛媛県,国永漁港,北灘,33.13868,132.47958,33.13868,132.47958
fishing,愛媛県,垣生(二木生)漁港,八幡浜,33.38306,132.41215,33.38306,132.41215
fishing,愛媛県,垣生漁港,垣生 垣生南部,33.99189,133.31877,33.99189,133.31877
fishing,愛媛県,城谷漁港,関前村,34.18298,132.89142,34.18298,132.89142
fishing,愛媛県,堀江漁港,松山市,33.90664,132.74647,33.90664,132.74647
fishing,愛媛県,塩成漁港,八幡浜,33.43989,132.25784,33.43989,132.25784
fishing,愛媛県,大内漁港,三浦,33.16975,132.48009,33.16975,132.48009
fishing,愛媛県,大小浜漁港,宇和島,33.20752,132.50608,33.20752,132.50608
fishing,愛媛県,大島(大島)漁港,大島,33.9922,133.36611,33.9922,133.36611
fishing,愛媛県,大島(真穴)漁港,八幡浜,33.38677,132.34281,33.38677,132.34281
fishing,愛媛県,大島(蒋淵)漁港,蒋渕,33.1862,132.40443,33.1862,132.40443
fishing,愛媛県,大成漁港,八幡浜,33.47443,132.27693,33.47443,132.27693
fishing,愛媛県,大日提漁港,北灘,33.12087,132.48242,33.12087,132.48242
fishing,愛媛県,大池漁港,下波,33.20231,132.42942,33.20231,132.42942
fishing,愛媛県,大浜漁港,大浜,34.10464,132.97991,34.10464,132.97991
fishing,愛媛県,大浦漁港,北条市,33.99965,132.77216,33.99965,132.77216
fishing,愛媛県,大良漁港,吉田町,33.25772,132.47652,33.25772,132.47652
fishing,愛媛県,大釜漁港,八幡浜,33.42266,132.38493,33.42266,132.38493
fishing,愛媛県,天満漁港,土居町,33.98772,133.41238,33.98772,133.41238
fishing,愛媛県,奥浦漁港,吉田町,33.27031,132.48316,33.27031,132.48316
fishing,愛媛県,安居島漁港,北条市,34.06863,132.70582,34.06863,132.70582
fishing,愛媛県,宗方漁港,大三島,34.20435,132.95047,34.20435,132.95047
fishing,愛媛県,宮窪漁港,宮窪町,34.17035,133.0848,34.17035,133.0848
fishing,愛媛県,家串漁港,愛南,33.04807,132.46912,33.04807,132.46912
fishing,愛媛県,小大下漁港,関前村,34.19123,132.89899,34.19123,132.89899
fishing,愛媛県,小島漁港,来島,34.12297,132.9788,34.12297,132.9788
fishing,愛媛県,小川漁港,北条市,33.92633,132.75883,33.92633,132.75883
fishing,愛媛県,小日提漁港,北灘,33.11665,132.46994,33.11665,132.46994
fishing,愛媛県,小池漁港,宇和島,33.20053,132.50306,33.20053,132.50306
fishing,愛媛県,小部漁港,小部,34.10437,132.92825,34.10437,132.92825
fishing,愛媛県,尻貝漁港,北灘,33.13957,132.45544,33.13957,132.45544
fishing,愛媛県,岩城漁港,岩城生名,34.24491,133.14795,34.24491,133.14795
fishing,愛媛県,島津漁港,下波,33.1725,132.45165,33.1725,132.45165
fishing,愛媛県,崎漁港,海士町,36.05127,133.0884,36.05127,133.0884
fishing,愛媛県,川之江漁港,川之江,34.01522,133.56736,34.01522,133.56736
fishing,愛媛県,川之石漁港,八幡浜,33.46738,132.39791,33.46738,132.39791
fishing,愛媛県,川名津漁港,八幡浜,33.42746,132.4034,33.42746,132.4034
fishing,愛媛県,左右水漁港,愛南,32.98242,132.49436,32.98242,132.49436
fishing,愛媛県,平井漁港,下灘,33.0588,132.45212,33.0588,132.45212
fishing,愛媛県,平浦漁港,宇和島,33.19107,132.49515,33.19107,132.49515
fishing,愛媛県,平碆漁港,愛南,33.0445,132.47664,33.0445,132.47664
fishing,愛媛県,平磯漁港,三崎,33.41128,132.14939,33.41128,132.14939
fishing,愛媛県,後漁港,下灘,33.06248,132.40519,33.06248,132.40519
fishing,愛媛県,御手洗漁港,松山市,33.87388,132.67121,33.87388,132.67121
fishing,愛媛県,御荘漁港,愛南,32.97008,132.53493,32.97008,132.53493
fishing,愛媛県,志津見漁港,津倉,34.13436,133.06129,34.13436,133.06129
fishing,愛媛県,成川漁港,愛南,32.96365,132.53387,32.96365,132.53387
fishing,愛媛県,成漁港,下灘,33.05872,132.42873,33.05872,132.42873
fishing,愛媛県,明海漁港,日振島,33.17113,132.29278,33.17113,132.29278
fishing,愛媛県,明神漁港,三崎,33.40407,132.13353,33.40407,132.13353
fishing,愛媛県,曲烏漁港,下灘,33.06177,132.46705,33.06177,132.46705
fishing,愛媛県,有太刀漁港,八幡浜,33.35786,132.41395,33.35786,132.41395
fishing,愛媛県,木浦松漁港,北灘,33.13914,132.46877,33.13914,132.46877
fishing,愛媛県,本浦漁港,戸島,33.1967,132.36333,33.1967,132.36333
fishing,愛媛県,来島漁港,来島,34.11742,132.97047,34.11742,132.97047
fishing,愛媛県,松漁港,三崎,33.41561,132.11324,33.41561,132.11324
fishing,愛媛県,柏崎漁港,愛南,33.01381,132.49339,33.01381,132.49339
fishing,愛媛県,柳原漁港,北条市,33.95466,132.76938,33.95466,132.76938
fishing,愛媛県,柿の浦(下灘)漁港,下灘,33.06085,132.48116,33.06085,132.48116
fishing,愛媛県,桜井漁港,桜井,34.02243,133.0438,34.02243,133.0438
fishing,愛媛県,森漁港,伊予,33.74496,132.67856,33.74496,132.67856
fishing,愛媛県,椋名漁港,渦浦,34.13853,133.01907,34.13853,133.01907
fishing,愛媛県,櫛生漁港,長浜町,33.57303,132.44136,33.57303,132.44136
fishing,愛媛県,武者泊漁港,愛南,32.91127,132.52121,32.91127,132.52121
fishing,愛媛県,江ノ島漁港,女川町,34.16991,133.36517,34.16991,133.36517
fishing,愛媛県,沖浦漁港,長浜町,33.60978,132.47419,33.60978,132.47419
fishing,愛媛県,沢津漁港,新居浜,33.98385,133.29202,33.98385,133.29202
fishing,愛媛県,河原津漁港,河原津,33.97216,133.07019,33.97216,133.07019
fishing,愛媛県,油袋漁港,愛南,33.04521,132.45339,33.04521,132.45339
fishing,愛媛県,泊(大山)漁港,渦浦 津倉,34.17162,133.03162,34.17162,133.03162
fishing,愛媛県,泊漁港,松山市,33.88161,132.68022,33.88161,132.68022
fishing,愛媛県,波方漁港,波方,34.12909,132.94936,34.12909,132.94936
fishing,愛媛県,泥目水漁港,下灘,33.08429,132.46715,33.08429,132.46715
fishing,愛媛県,津の浦漁港,遊子,33.20306,132.4462,33.20306,132.4462
fishing,愛媛県,津和地漁港,中島三和,33.9817,132.51423,33.9817,132.51423
fishing,愛媛県,津島漁港,渦浦,34.15447,133.00498,34.15447,133.00498
fishing,愛媛県,浅川漁港,吉田町,33.26227,132.52699,33.26227,132.52699
fishing,愛媛県,浅海漁港,北条市,34.01104,132.8016,34.01104,132.8016
fishing,愛媛県,浜都漁港,弓削,34.24991,133.21294,34.24991,133.21294
fishing,愛媛県,深浦漁港,愛南 久良,32.94257,132.5527,32.94257,132.5527
fishing,愛媛県,渡江漁港,明浜,33.31694,132.4842,33.31694,132.4842
fishing,愛媛県,漁家漁港,下灘,33.05762,132.44235,33.05762,132.44235
fishing,愛媛県,牛之浦漁港,北灘,33.13842,132.46187,33.13842,132.46187
fishing,愛媛県,狩津漁港,下波,33.16931,132.44402,33.16931,132.44402
fishing,愛媛県,狩浜漁港,明浜,33.31642,132.47201,33.31642,132.47201
fishing,愛媛県,猿鳴漁港,愛南,32.97358,132.48517,32.97358,132.48517
fishing,愛媛県,玉津漁港,吉田町,33.31737,132.51036,33.31737,132.51036
fishing,愛媛県,田の尻漁港,菊間町,34.0217,132.81538,34.0217,132.81538
fishing,愛媛県,田の浜(高山)漁港,明浜,33.31599,132.39408,33.31599,132.39408
fishing,愛媛県,田ノ浜(下灘)漁港,下灘,33.10556,132.47262,33.10556,132.47262
fishing,愛媛県,田之浦漁港,八幡浜,33.46237,132.28976,33.46237,132.28976
fishing,愛媛県,田部漁港,八幡浜,33.42881,132.17565,33.42881,132.17565
fishing,愛媛県,田颪漁港,下灘,33.09145,132.46901,33.09145,132.46901
fishing,愛媛県,由利漁港,中島三和,33.85354,132.52395,33.85354,132.52395
fishing,愛媛県,皆江漁港,八幡浜,33.34796,132.40681,33.34796,132.40681
fishing,愛媛県,盛漁港,大三島,34.29466,133.02767,34.29466,133.02767
fishing,愛媛県,真網代漁港,八幡浜,33.41092,132.39237,33.41092,132.39237
fishing,愛媛県,睦月漁港,睦月,33.95622,132.66676,33.95622,132.66676
fishing,愛媛県,矢ヶ浜漁港,蒋渕,33.20197,132.39321,33.20197,132.39321
fishing,愛媛県,石応漁港,宇和島,33.21502,132.51984,33.21502,132.51984
fishing,愛媛県,磯崎漁港,八幡浜,33.54473,132.4156,33.54473,132.4156
fishing,愛媛県,磯河内漁港,北条市,33.93046,132.76025,33.93046,132.76025
fishing,愛媛県,神ノ浦漁港,中島,33.94969,132.60554,33.94969,132.60554
fishing,愛媛県,神崎漁港,下波,33.1877,132.44491,33.1877,132.44491
fishing,愛媛県,福浦漁港,愛南,32.9206,132.5063,32.9206,132.5063
fishing,愛媛県,穴井漁港,八幡浜,33.39884,132.3917,33.39884,132.3917
fishing,愛媛県,立目漁港,吉田町,33.26361,132.51627,33.26361,132.51627
fishing,愛媛県,竹ヶ島漁港,下灘,33.10863,132.41583,33.10863,132.41583
fishing,愛媛県,篠塚漁港,魚島村,34.17909,133.3221,34.17909,133.3221
fishing,愛媛県,結出漁港,下波,33.17081,132.4597,33.17081,132.4597
fishing,愛媛県,網代漁港,愛南,33.03533,132.40679,33.03533,132.40679
fishing,愛媛県,肥海漁港,大三島,34.2824,132.98157,34.2824,132.98157
fishing,愛媛県,肱川口漁港,長浜町,33.60879,132.48175,33.60879,132.48175
fishing,愛媛県,能登漁港,日振島,33.17335,132.26889,33.17335,132.26889
fishing,愛媛県,舌田漁港,八幡浜,33.4395,132.40538,33.4395,132.40538
fishing,愛媛県,船越漁港,愛南,32.94412,132.50956,32.94412,132.50956
fishing,愛媛県,船隠漁港,三浦,33.17414,132.50815,33.17414,132.50815
fishing,愛媛県,蒋淵漁港,蒋渕,33.20025,132.41139,33.20025,132.41139
fishing,愛媛県,蕨漁港,宇和島,33.19319,132.50644,33.19319,132.50644
fishing,愛媛県,蕪崎漁港,土居町,33.98661,133.43015,33.98661,133.43015
fishing,愛媛県,西小島漁港,八幡浜,33.44502,132.1957,33.44502,132.1957
fishing,愛媛県,西浦漁港,愛南,32.94203,132.48314,32.94203,132.48314
fishing,愛媛県,西町漁港,八幡浜,33.46891,132.37967,33.46891,132.37967
fishing,愛媛県,豊の浦漁港,八幡浜,33.47073,132.32796,33.47073,132.32796
fishing,愛媛県,豊岡漁港,三島 寒川,33.9727,133.48059,33.9727,133.48059
fishing,愛媛県,豊島漁港,弓削,34.23283,133.25604,34.23283,133.25604
fishing,愛媛県,豊田漁港,下灘,33.65274,132.57633,33.65274,132.57633
fishing,愛媛県,赤松漁港,宇和島,33.23836,132.53569,33.23836,132.53569
fishing,愛媛県,赤水漁港,愛南,32.96192,132.52616,32.96192,132.52616
fishing,愛媛県,足成漁港,八幡浜,33.47403,132.26777,33.47403,132.26777
fishing,愛媛県,郡漁港,戸島,33.2136,132.3709,33.2136,132.3709
fishing,愛媛県,野々江漁港,大三島,34.22444,132.98788,34.22444,132.98788
fishing,愛媛県,野忽那漁港,野忽那,33.97271,132.68939,33.97271,132.68939
fishing,愛媛県,釜木漁港,三崎,33.40754,132.15511,33.40754,132.15511
fishing,愛媛県,釣島漁港,松山市,33.89401,132.64026,33.89401,132.64026
fishing,愛媛県,長師漁港,中島,33.9566,132.62328,33.9566,132.62328
fishing,愛媛県,長早漁港,八幡浜,33.36913,132.39738,33.36913,132.39738
fishing,愛媛県,長津漁港,土居町,33.97439,133.47098,33.97439,133.47098
fishing,愛媛県,青島漁港,長浜町,33.73579,132.4883,33.73579,132.4883
fishing,愛媛県,須下漁港,下灘,33.06645,132.41551,33.06645,132.41551
fishing,愛媛県,須沢漁港,長浜町,33.59038,132.4565,33.59038,132.4565
fishing,愛媛県,饒漁港,中島,33.98728,132.60571,33.98728,132.60571
fishing,愛媛県,馬島漁港,渦浦,34.11613,132.99041,34.11613,132.99041
fishing,愛媛県,馬磯漁港,松山市,33.92383,132.69744,33.92383,132.69744
fishing,愛媛県,高井神漁港,魚島村,34.19292,133.27384,34.19292,133.27384
fishing,愛媛県,高山漁港,明浜,33.31206,132.43248,33.31206,132.43248
fishing,愛媛県,高浜漁港,松山市 高浜町,33.89412,132.70691,33.89412,132.70691
fishing,愛媛県,高畑漁港,愛南,32.96191,132.51794,32.96191,132.51794
fishing,愛媛県,高野川漁港,上灘,33.70853,132.65957,33.70853,132.65957
fishing,愛媛県,魚泊漁港,遊子,33.19405,132.46166,33.19405,132.46166
fishing,愛媛県,魚神山漁港,愛南,33.05404,132.40918,33.05404,132.40918
fishing,愛媛県,鯨漁港,弓削,34.2888,133.22377,34.2888,133.22377
fishing,愛媛県,鰹網代漁港,下灘,33.04107,132.40114,33.04107,132.40114
fishing,愛媛県,鳥津漁港,八幡浜,33.48022,132.28557,33.48022,132.28557
fishing,愛媛県,鵜之浜漁港,北灘,33.13567,132.49611,33.13567,132.49611
fishing,愛媛県,鷲ヶ巣漁港,松山市,33.90266,132.66009,33.90266,132.66009
fishing,愛媛県,鼠鳴漁港,下灘,33.08007,132.47641,33.08007,132.47641
port,高知県,あしずり港,高知県,32.77997,132.93555,32.77997,132.93555
port,高知県,三崎港,高知県,32.77837,132.88309,32.77837,132.88309
port,高知県,上ノ加江港,高知県,33.28209,133.24904,33.28209,133.24904
port,高知県,上川口港,高知県,33.03454,133.05949,33.03454,133.05949
port,高知県,下ノ加江港,高知県,32.85721,132.9578,32.85721,132.9578
port,高知県,下川口港,高知県,32.77416,132.83968,32.77416,132.83968
port,高知県,下田港,高知県,32.94603,133.00254,32.94603,133.00254
port,高知県,久礼港,高知県,33.32745,133.24147,33.32745,133.24147
port,高知県,以布利港,高知県,32.80198,132.96584,32.80198,132.96584
port,高知県,佐喜浜港,高知県,33.38579,134.21685,33.38579,134.21685
port,高知県,佐賀港,高知県,33.07036,133.11748,33.07036,133.11748
port,高知県,奈半利港,高知県,33.41412,134.01056,33.41412,134.01056
port,高知県,室津港,高知県,33.28649,134.13966,33.28649,134.13966
port,高知県,宿毛湾港,高知県,32.90004,132.69276,32.90004,132.69276
port,高知県,手結港,高知県,33.52896,133.75092,33.52896,133.75092
port,高知県,清水港,高知県,32.77029,132.95597,32.77029,132.95597
port,高知県,甲浦港,高知県,33.53893,134.30475,33.53893,134.30475
port,高知県,須崎港,高知県,33.38318,133.28575,33.38318,133.28575
port,高知県,高知港,高知県,33.51339,133.56061,33.51339,133.56061
fishing,高知県,一切漁港,すくも湾,32.78423,132.63998,32.78423,132.63998
fishing,高知県,三崎漁港,土佐清水市,32.78699,132.87711,32.78699,132.87711
fishing,高知県,三津漁港,三津,33.29181,134.18982,33.29181,134.18982
fishing,高知県,上ノ加江漁港,上ノ加江,33.27734,133.244,33.27734,133.244
fishing,高知県,下川口漁港,土佐清水市,32.78118,132.84191,32.78118,132.84191
fishing,高知県,中ノ島漁港,大谷,33.36084,133.31042,33.36084,133.31042
fishing,高知県,中ノ浜漁港,土佐清水市,32.75757,132.96329,32.75757,132.96329
fishing,高知県,久枝漁港,高知県,33.53257,133.68462,33.53257,133.68462
fishing,高知県,久通漁港,久通,33.39501,133.34073,33.39501,133.34073
fishing,高知県,伊佐漁港,土佐清水市,32.7223,133.00801,32.7223,133.00801
fishing,高知県,伊尾木漁港,伊尾木 川北 下山,33.46613,133.9404,33.46613,133.9404
fishing,高知県,伊田漁港,大方町,33.03389,133.07272,33.03389,133.07272
fishing,高知県,住吉漁港,手結,33.51668,133.76426,33.51668,133.76426
fishing,高知県,佐賀漁港,佐賀町,33.07503,133.11386,33.07503,133.11386
fishing,高知県,傍士漁港,吉良川,33.32436,134.10213,33.32436,134.10213
fishing,高知県,元漁港,室戸,33.298,134.12015,33.298,134.12015
fishing,高知県,入野漁港,大方町,33.01072,133.01333,33.01072,133.01333
fishing,高知県,内外ノ浦漁港,すくも湾,32.89959,132.71663,32.89959,132.71663
fishing,高知県,加領郷漁港,加領郷,33.38259,134.03584,33.38259,134.03584
fishing,高知県,双海漁港,下田,32.9777,133.00194,32.9777,133.00194
fishing,高知県,古満目漁港,すくも湾,32.79006,132.68581,32.79006,132.68581
fishing,高知県,吉川漁港,香南,33.53331,133.69496,33.53331,133.69496
fishing,高知県,吉良川漁港,吉良川,33.33989,134.07694,33.33989,134.07694
fishing,高知県,名鹿漁港,下田,32.92202,133.00181,32.92202,133.00181
fishing,高知県,周防形漁港,すくも湾,32.79634,132.71817,32.79634,132.71817
fishing,高知県,大島漁港,すくも湾,32.91768,132.7013,32.91768,132.7013
fishing,高知県,大津漁港,土佐清水市,32.75187,132.80477,32.75187,132.80477
fishing,高知県,大浜漁港,土佐清水市,32.75073,132.96695,32.75073,132.96695
fishing,高知県,大浦漁港,すくも湾,32.91676,132.71138,32.91676,132.71138
fishing,高知県,大海漁港,すくも湾,32.88759,132.71401,32.88759,132.71401
fishing,高知県,宇佐漁港,宇佐,33.44515,133.45042,33.44515,133.45042
fishing,高知県,宇須々木漁港,すくも湾,32.92206,132.67205,32.92206,132.67205
fishing,高知県,安和漁港,須崎町 須崎釣 錦浦,33.36446,133.26074,33.36446,133.26074
fishing,高知県,安満地漁港,すくも湾,32.80414,132.65386,32.80414,132.65386
fishing,高知県,安田漁港,安田町,33.44446,133.95485,33.44446,133.95485
fishing,高知県,安芸漁港,安芸,33.49556,133.8915,33.49556,133.8915
fishing,高知県,室戸岬漁港,室戸岬東,33.26306,134.16228,33.26306,134.16228
fishing,高知県,小室漁港,興津,33.16207,133.20662,33.16207,133.20662
fishing,高知県,小才角漁港,すくも湾,32.75608,132.78487,32.75608,132.78487
fishing,高知県,小浜漁港,土佐清水市,32.83133,132.95947,32.83133,132.95947
fishing,高知県,尾浦漁港,すくも湾,32.75892,132.76547,32.75892,132.76547
fishing,高知県,布漁港,布,32.86646,132.98556,32.86646,132.98556
fishing,高知県,平野漁港,下田,32.94898,132.99634,32.94898,132.99634
fishing,高知県,志和漁港,志和,33.23271,133.25301,33.23271,133.25301
fishing,高知県,新村漁港,室戸,33.29473,134.10801,33.29473,134.10801
fishing,高知県,新荘漁港,須崎町 錦浦,33.38348,133.28109,33.38348,133.28109
fishing,高知県,日沖漁港,室戸岬東,33.31357,134.1946,33.31357,134.1946
fishing,高知県,春野漁港,春野町,33.46986,133.50824,33.46986,133.50824
fishing,高知県,東野根漁港,高知県,33.51141,134.28606,33.51141,134.28606
fishing,高知県,松尾漁港,土佐清水市,32.73161,132.98607,32.73161,132.98607
fishing,高知県,松崎漁港,土佐清水市,32.78472,132.9187,32.78472,132.9187
fishing,高知県,柏島漁港,すくも湾,32.77186,132.63414,32.77186,132.63414
fishing,高知県,栄喜漁港,すくも湾,32.87984,132.70959,32.87984,132.70959
fishing,高知県,椎名漁港,室戸岬東,33.32674,134.19972,33.32674,134.19972
fishing,高知県,樫ノ浦漁港,すくも湾,32.77836,132.73158,32.77836,132.73158
fishing,高知県,橘浦漁港,橘浦,32.82814,132.65708,32.82814,132.65708
fishing,高知県,池ノ浦漁港,池ノ浦,33.40834,133.41608,33.40834,133.41608
fishing,高知県,池島漁港,すくも湾,32.92037,132.68861,32.92037,132.68861
fishing,高知県,沖の島漁港,すくも湾,32.80036,132.49647,32.80036,132.49647
fishing,高知県,沖の島漁港,すくも湾,32.73868,132.54527,32.73868,132.54527
fishing,高知県,沖の島漁港,すくも湾,32.71518,132.5483,32.71518,132.5483
fishing,高知県,泊浦漁港,すくも湾,32.84213,132.67077,32.84213,132.67077
fishing,高知県,津呂漁港,窪津,32.76761,133.01281,32.76761,133.01281
fishing,高知県,浦分漁港,興津,33.16141,133.21996,33.16141,133.21996
fishing,高知県,浮津漁港,大方町,33.03671,133.03872,33.03671,133.03872
fishing,高知県,深浦漁港,深浦,33.44268,133.41482,33.44268,133.41482
fishing,高知県,清水(室戸岬)漁港,室戸岬東,33.33516,134.19903,33.33516,134.19903
fishing,高知県,清水（清水）漁港,志津川町,32.77476,132.95656,32.77476,132.95656
fishing,高知県,湊浦漁港,すくも湾,32.89653,132.72025,32.89653,132.72025
fishing,高知県,灘漁港,大方町,33.03355,133.09483,33.03355,133.09483
fishing,高知県,田ノ浦漁港,五島ふくえ,32.90942,132.71493,32.90942,132.71493
fishing,高知県,田野浦漁港,大方町,32.99866,133.00781,32.99866,133.00781
fishing,高知県,矢井賀漁港,矢井賀,33.24428,133.24991,33.24428,133.24991
fishing,高知県,穴内漁港,穴内,33.50347,133.85667,33.50347,133.85667
fishing,高知県,窪津漁港,窪津,32.78891,132.99722,32.78891,132.99722
fishing,高知県,立石漁港,布,32.89474,133.00818,32.89474,133.00818
fishing,高知県,竜ヶ迫漁港,すくも湾,32.86284,132.66594,32.86284,132.66594
fishing,高知県,竜串漁港,土佐清水市,32.78653,132.86844,32.78653,132.86844
fishing,高知県,羽根漁港,羽根,33.37093,134.03729,33.37093,134.03729
fishing,高知県,菜生漁港,室戸岬東,33.27685,134.15272,33.27685,134.15272
fishing,高知県,藻津漁港,藻津,32.92173,132.66076,32.92173,132.66076
fishing,高知県,行当漁港,室戸,33.29141,134.1117,33.29141,134.1117
fishing,高知県,西分漁港,芸西,33.51351,133.77246,33.51351,133.77246
fishing,高知県,西泊漁港,すくも湾,32.78532,132.72621,32.78532,132.72621
fishing,高知県,貝ノ川漁港,土佐清水市,32.76035,132.81691,32.76035,132.81691
fishing,高知県,赤岡漁港,香南,33.53717,133.72088,33.53717,133.72088
fishing,高知県,赤野漁港,芸西,33.51117,133.83399,33.51117,133.83399
fishing,高知県,野根漁港,野根,33.49508,134.27071,33.49508,134.27071
fishing,高知県,野見漁港,野見 大谷,33.37861,133.31906,33.37861,133.31906
fishing,高知県,鈴漁港,佐賀町,33.12461,133.15603,33.12461,133.15603
fishing,高知県,養老漁港,土佐清水市,32.78257,132.92968,32.78257,132.92968
fishing,高知県,高岡漁港,室戸岬東,33.26746,134.18868,33.26746,134.18868
port,福岡県,三池港,福岡県,33.00576,130.38738,33.00576,130.38738
port,福岡県,北九州港,北九州市,33.91527,130.87444,33.91527,130.87444
port,福岡県,博多港,福岡市,33.62686,130.36071,33.62686,130.36071
port,福岡県,大島港,福岡県,33.89066,130.43788,33.89066,130.43788
port,福岡県,大牟田港,福岡県,33.03769,130.40936,33.03769,130.40936
port,福岡県,宇島港,福岡県,33.63848,131.12284,33.63848,131.12284
port,福岡県,芦屋港,福岡県,33.90286,130.6568,33.90286,130.6568
port,福岡県,苅田港,福岡県,33.80199,131.03043,33.80199,131.03043
port,福岡県,若津港,福岡県,33.13053,130.35855,33.13053,130.35855
fishing,福岡県,三又漁港,三又青木,33.22164,130.37934,33.22164,130.37934
fishing,福岡県,上新田漁港,上新田,33.19775,130.36017,33.19775,130.36017
fishing,福岡県,両開漁港,両開,33.11498,130.39906,33.11498,130.39906
fishing,福岡県,中島漁港,皿垣開 大和 中島 山門羽瀬,33.1136,130.4335,33.1136,130.4335
fishing,福岡県,久間田漁港,久間田,33.15998,130.35795,33.15998,130.35795
fishing,福岡県,八屋漁港,八屋,33.6185,131.11481,33.6185,131.11481
fishing,福岡県,八津田漁港,椎田町,33.67049,131.06343,33.67049,131.06343
fishing,福岡県,加布里漁港,糸島,33.55108,130.16319,33.55108,130.16319
fishing,福岡県,勝浦漁港,宗像,33.84282,130.47935,33.84282,130.47935
fishing,福岡県,博多漁港,福岡市,33.59581,130.38606,33.59581,130.38606
fishing,福岡県,吉富漁港,吉富,33.61939,131.17759,33.61939,131.17759
fishing,福岡県,唐泊漁港,福岡市,33.63742,130.22684,33.63742,130.22684
fishing,福岡県,地島漁港,宗像,33.89628,130.50236,33.89628,130.50236
fishing,福岡県,大入漁港,福吉,33.5116,130.10435,33.5116,130.10435
fishing,福岡県,大島漁港,宗像,33.901,130.43793,33.901,130.43793
fishing,福岡県,大野島漁港,大野島,33.20886,130.35628,33.20886,130.35628
fishing,福岡県,奈多漁港,福岡市,33.68575,130.39516,33.68575,130.39516
fishing,福岡県,姫島漁港,糸島,33.56416,130.05275,33.56416,130.05275
fishing,福岡県,宇島漁港,雄勝町東部,33.62494,131.14009,33.62494,131.14009
fishing,福岡県,小呂島漁港,福岡市,33.8598,130.03589,33.8598,130.03589
fishing,福岡県,岐志漁港,糸島,33.56817,130.12709,33.56817,130.12709
fishing,福岡県,岩屋漁港,岩屋,33.93378,130.68346,33.93378,130.68346
fishing,福岡県,平松漁港,平松,33.89213,130.86483,33.89213,130.86483
fishing,福岡県,弘漁港,福岡市,33.66818,130.29037,33.66818,130.29037
fishing,福岡県,志賀島漁港,福岡市,33.65938,130.31432,33.65938,130.31432
fishing,福岡県,新宮漁港,新宮相島,33.7159,130.41952,33.7159,130.41952
fishing,福岡県,新田漁港,川口,33.18331,130.36073,33.18331,130.36073
fishing,福岡県,曾根漁港,曾根,33.81991,130.96232,33.81991,130.96232
fishing,福岡県,有明漁港,有明,33.11721,130.4035,33.11721,130.4035
fishing,福岡県,東宮永漁港,東宮永,33.11915,130.40267,33.11915,130.40267
fishing,福岡県,柄杓田漁港,柄杓田,33.90482,130.99673,33.90482,130.99673
fishing,福岡県,柏原漁港,柏原,33.90889,130.6461,33.90889,130.6461
fishing,福岡県,椎田漁港,椎田町,33.65531,131.06617,33.65531,131.06617
fishing,福岡県,江浦漁港,高田,33.11304,130.43545,33.11304,130.43545
fishing,福岡県,沓尾漁港,沓尾,33.73234,131.02023,33.73234,131.02023
fishing,福岡県,沖の島漁港,宗像,34.23929,130.10406,34.23929,130.10406
fishing,福岡県,沖端漁港,沖端 浜武 西宮永 両開,33.14053,130.37184,33.14053,130.37184
fishing,福岡県,波津漁港,波津,33.88351,130.56625,33.88351,130.56625
fishing,福岡県,津屋崎漁港,津屋崎,33.78903,130.44608,33.78903,130.44608
fishing,福岡県,浜崎今津漁港,福岡市,33.59515,130.26975,33.59515,130.26975
fishing,福岡県,深江漁港,糸島,33.52054,130.13214,33.52054,130.13214
fishing,福岡県,玄界漁港,福岡市,33.68297,130.23517,33.68297,130.23517
fishing,福岡県,皿垣開漁港,皿垣開,33.11304,130.40017,33.11304,130.40017
fishing,福岡県,相島漁港,新宮相島,33.75491,130.36516,33.75491,130.36516
fishing,福岡県,神湊漁港,宗像,33.85379,130.48264,33.85379,130.48264
fishing,福岡県,福吉漁港,福吉,33.50788,130.09272,33.50788,130.09272
fishing,福岡県,福間漁港,宗像,33.76226,130.46753,33.76226,130.46753
fishing,福岡県,稲童漁港,稲童,33.70429,131.03296,33.70429,131.03296
fishing,福岡県,脇之浦漁港,脇之浦,33.9231,130.75759,33.9231,130.75759
fishing,福岡県,脇田漁港,脇田,33.93576,130.72374,33.93576,130.72374
fishing,福岡県,船越漁港,船越,33.55389,130.13026,33.55389,130.13026
fishing,福岡県,芥屋漁港,糸島,33.58938,130.10658,33.58938,130.10658
fishing,福岡県,若津漁港,大川,33.20525,130.36101,33.20525,130.36101
fishing,福岡県,蓑島漁港,蓑島,33.75155,131.01564,33.75155,131.01564
fishing,福岡県,藍島漁港,藍島,33.98934,130.81678,33.98934,130.81678
fishing,福岡県,西八田漁港,西八田,33.68354,131.05315,33.68354,131.05315
fishing,福岡県,西浦漁港,福岡市,33.6513,130.20599,33.6513,130.20599
fishing,福岡県,西角田漁港,椎田町,33.63515,131.08417,33.63515,131.08417
fishing,福岡県,野北漁港,糸島,33.61131,130.16157,33.61131,130.16157
fishing,福岡県,鐘崎漁港,鐘崎,33.87682,130.52775,33.87682,130.52775
fishing,福岡県,長井漁港,長井,33.71889,131.0256,33.71889,131.0256
fishing,福岡県,馬島漁港,北九州,33.96628,130.85455,33.96628,130.85455
fishing,福岡県,鹿家漁港,福吉,33.48897,130.04778,33.48897,130.04778
fishing,福岡県,黒崎漁港,三浦第一 唐岬 三浦海苔生産,33.0711,130.41767,33.0711,130.41767
port,佐賀県,仮屋港,佐賀県,33.45385,129.83857,33.45385,129.83857
port,佐賀県,伊万里港,佐賀県,33.32097,129.82637,33.32097,129.82637
port,佐賀県,住ノ江港,佐賀県,33.17512,130.23323,33.17512,130.23323
port,佐賀県,呼子港,佐賀県,33.54302,129.88402,33.54302,129.88402
port,佐賀県,唐津港,佐賀県,33.4705,129.9723,33.4705,129.9723
port,佐賀県,大浦港,佐賀県,32.98909,130.20905,32.98909,130.20905
port,佐賀県,星賀港,佐賀県,33.44687,129.78772,33.44687,129.78772
port,佐賀県,諸富港,佐賀県,33.2133,130.35934,33.2133,130.35934
port,佐賀県,鹿島港,佐賀県,33.08175,130.14486,33.08175,130.14486
fishing,佐賀県,七浦漁港,鹿島市,33.07247,130.14787,33.07247,130.14787
fishing,佐賀県,串浦漁港,鎮西町,33.52327,129.85295,33.52327,129.85295
fishing,佐賀県,京泊漁港,肥前,33.47539,129.82662,33.47539,129.82662
fishing,佐賀県,仮屋漁港,仮屋,33.47325,129.84737,33.47325,129.84737
fishing,佐賀県,住ノ江漁港,福富町,33.19247,130.20574,33.19247,130.20574
fishing,佐賀県,佐嘉漁港,佐賀市,33.20664,130.25435,33.20664,130.25435
fishing,佐賀県,加唐島漁港,鎮西町,33.58656,129.85762,33.58656,129.85762
fishing,佐賀県,加部島漁港,加部島 呼子町,33.5463,129.88236,33.5463,129.88236
fishing,佐賀県,千歳漁港,佐賀県有明海,33.24608,130.38961,33.24608,130.38961
fishing,佐賀県,名護屋漁港,鎮西町,33.52607,129.88029,33.52607,129.88029
fishing,佐賀県,向島漁港,肥前,33.48944,129.77905,33.48944,129.77905
fishing,佐賀県,呼子漁港,呼子町,33.54541,129.88938,33.54541,129.88938
fishing,佐賀県,唐房漁港,唐津市,33.48814,129.94841,33.48814,129.94841
fishing,佐賀県,外津漁港,外津,33.51287,129.84954,33.51287,129.84954
fishing,佐賀県,多良漁港,たら,33.03048,130.18129,33.03048,130.18129
fishing,佐賀県,大泊漁港,鎮西町,33.61005,129.86284,33.61005,129.86284
fishing,佐賀県,大浦漁港,大浦浜,33.40932,129.8626,33.40932,129.8626
fishing,佐賀県,寺井津漁港,諸富町,33.20969,130.34962,33.20969,130.34962
fishing,佐賀県,小友漁港,呼子町,33.546,129.90331,33.546,129.90331
fishing,佐賀県,小川島漁港,小川島,33.59335,129.8971,33.59335,129.8971
fishing,佐賀県,屋形石漁港,屋形石,33.53831,129.93114,33.53831,129.93114
fishing,佐賀県,広江漁港,広江 東与賀町,33.16409,130.27668,33.16409,130.27668
fishing,佐賀県,廻里江漁港,新有明,33.13692,130.12769,33.13692,130.12769
fishing,佐賀県,戸ヶ里漁港,南川副 犬井道 早津江 大詫間 千代田町,33.17331,130.32018,33.17331,130.32018
fishing,佐賀県,新有明漁港,有明,33.12907,130.1703,33.12907,130.1703
fishing,佐賀県,晴気漁港,肥前,33.43368,129.80964,33.43368,129.80964
fishing,佐賀県,松島漁港,鎮西町,33.58363,129.84202,33.58363,129.84202
fishing,佐賀県,波多津漁港,波多津,33.37751,129.86504,33.37751,129.86504
fishing,佐賀県,波戸漁港,鎮西町,33.54509,129.85848,33.54509,129.85848
fishing,佐賀県,浜崎漁港,浜崎,33.45633,130.0365,33.45633,130.0365
fishing,佐賀県,浜漁港,鹿島市,33.09418,130.14455,33.09418,130.14455
fishing,佐賀県,湊浜漁港,唐津市,33.5254,129.95922,33.5254,129.95922
fishing,佐賀県,百貫漁港,鹿島市,33.13164,130.10964,33.13164,130.10964
fishing,佐賀県,相賀漁港,唐津市,33.50331,129.95743,33.50331,129.95743
fishing,佐賀県,破瀬ノ浦漁港,たら,33.00035,130.18933,33.00035,130.18933
fishing,佐賀県,神集島漁港,唐津市,33.53524,129.96734,33.53524,129.96734
fishing,佐賀県,福所江漁港,久保田町 芦刈,33.21052,130.22879,33.21052,130.22879
fishing,佐賀県,福浦漁港,肥前,33.48136,129.8139,33.48136,129.8139
fishing,佐賀県,糸岐漁港,たら,33.01678,130.18284,33.01678,130.18284
fishing,佐賀県,道越漁港,大浦,32.96061,130.22308,32.96061,130.22308
fishing,佐賀県,野崎漁港,佐賀県有明海,32.97476,130.22278,32.97476,130.22278
fishing,佐賀県,飯田漁港,鹿島市,33.05858,130.16058,33.05858,130.16058
fishing,佐賀県,馬渡島漁港,鎮西町,33.56681,129.76755,33.56681,129.76755
fishing,佐賀県,駄竹漁港,肥前,33.46031,129.8034,33.46031,129.8034
fishing,佐賀県,高串漁港,高串,33.42353,129.82087,33.42353,129.82087
fishing,佐賀県,高島漁港,唐津市,33.47108,129.98583,33.47108,129.98583
fishing,佐賀県,鹿島漁港,佐賀県有明海,33.11553,130.09825,33.11553,130.09825
port,長崎県,カヅメ港,,32.64091,128.88785,32.64091,128.88785
port,長崎県,七ツ釜港,長崎県,33.00315,129.65368,33.00315,129.65368
port,長崎県,三代港,,33.4294,129.74271,33.4294,129.74271
port,長崎県,三浦船津港,,32.86928,129.97155,32.86928,129.97155
port,長崎県,三里港,,33.40895,129.72915,33.40895,129.72915
port,長崎県,下田港,長崎県,33.38086,129.65899,33.38086,129.65899
port,長崎県,中の浦港,,33.38387,129.56025,33.38387,129.56025
port,長崎県,久吹港,,33.37097,129.60569,33.37097,129.60569
port,長崎県,久山港,長崎県,32.84045,130.0017,32.84045,130.0017
port,長崎県,仁位港,長崎県,34.38356,129.30989,34.38356,129.30989
port,長崎県,仁田港,長崎県,34.53124,129.32867,34.53124,129.32867
port,長崎県,伊王島港,長崎県,32.70169,129.78335,32.70169,129.78335
port,長崎県,佐々港,長崎県,33.20578,129.64179,33.20578,129.64179
port,長崎県,佐世保港,佐世保市,33.12308,129.7216,33.12308,129.7216
port,長崎県,佐須奈港,長崎県,34.64375,129.38542,34.64375,129.38542
port,長崎県,勝本港,長崎県,33.86058,129.6912,33.86058,129.6912
port,長崎県,印通寺港,長崎県,33.73836,129.75922,33.73836,129.75922
port,長崎県,原港,,33.41851,129.75013,33.41851,129.75013
port,長崎県,厳原港,長崎県,34.19188,129.29376,34.19188,129.29376
port,長崎県,口ノ津港,長崎県,32.60589,130.19871,32.60589,130.19871
port,長崎県,古江港,長崎県,33.36828,129.52357,33.36828,129.52357
port,長崎県,古里港,長崎県,32.60547,129.7781,32.60547,129.7781
port,長崎県,城ノ下港,長崎県,32.90579,130.15731,32.90579,130.15731
port,長崎県,堂崎港,長崎県,32.66658,130.33766,32.66658,130.33766
port,長崎県,多比良港,長崎県,32.87852,130.31023,32.87852,130.31023
port,長崎県,大塔港,,33.32066,129.56742,33.32066,129.56742
port,長崎県,大島港,長崎県,33.47137,129.5346,33.47137,129.5346
port,長崎県,大川原港,,33.24998,129.48893,33.24998,129.48893
port,長崎県,大川港,,32.76833,128.6895,32.76833,128.6895
port,長崎県,大村港,長崎県,32.91866,129.93041,32.91866,129.93041
port,長崎県,大瀬戸柳港,長崎県,32.9935,129.64563,32.9935,129.64563
port,長崎県,太田和港,長崎県,33.04356,129.65755,33.04356,129.65755
port,長崎県,太田尾港,長崎県,32.73257,129.94598,32.73257,129.94598
port,長崎県,宮浦港,長崎県,33.00934,129.78414,33.00934,129.78414
port,長崎県,富江港,長崎県,32.62093,128.77235,32.62093,128.77235
port,長崎県,小口港,長崎県,32.91698,129.80441,32.91698,129.80441
port,長崎県,小浜港,長崎県,32.73875,130.20251,32.73875,130.20251
port,長崎県,小瀬良港,長崎県,33.07582,129.11227,33.07582,129.11227
port,長崎県,小茂田港,長崎県,34.23549,129.18685,34.23549,129.18685
port,長崎県,小迎港,,33.0417,129.75582,33.0417,129.75582
port,長崎県,小長井港,長崎県,32.92616,130.20185,32.92616,130.20185
port,長崎県,岐宿港,長崎県,32.754,128.77427,32.754,128.77427
port,長崎県,岳崎港,,33.3928,129.67883,33.3928,129.67883
port,長崎県,峰港,長崎県,34.46847,129.39581,34.46847,129.39581
port,長崎県,島原港,長崎県,32.79766,130.37898,32.79766,130.37898
port,長崎県,崎戸港,長崎県,33.01418,129.55776,33.01418,129.55776
port,長崎県,川内港,長崎県,33.32387,129.52901,33.32387,129.52901
port,長崎県,川棚港,長崎県,33.05744,129.86405,33.05744,129.86405
port,長崎県,平戸港,長崎県,33.37082,129.56019,33.37082,129.56019
port,長崎県,床浪港,長崎県,33.40645,129.73798,33.40645,129.73798
port,長崎県,彼杵港,長崎県,33.0366,129.90724,33.0366,129.90724
port,長崎県,折紙港,,32.83101,128.8677,32.83101,128.8677
port,長崎県,早岐港,長崎県,33.07831,129.79059,33.07831,129.79059
port,長崎県,時津港,長崎県,32.84505,129.8481,32.84505,129.8481
port,長崎県,曽ノ浦港,長崎県,34.42857,129.36737,34.42857,129.36737
port,長崎県,曽根港,長崎県,33.05982,129.08056,33.05982,129.08056
port,長崎県,有川港,長崎県,32.99151,129.11391,32.99151,129.11391
port,長崎県,東望港,,32.76403,129.95723,32.76403,129.95723
port,長崎県,松島港,長崎県,32.94132,129.61829,32.94132,129.61829
port,長崎県,松浦港,長崎県,33.35715,129.68042,33.35715,129.68042
port,長崎県,森ノ浜港,長崎県,33.78991,129.65881,33.78991,129.65881
port,長崎県,椛島港,長崎県,32.76151,128.98443,32.76151,128.98443
port,長崎県,榎津港,長崎県,32.99337,129.09365,32.99337,129.09365
port,長崎県,比田勝港,長崎県,34.6505,129.48398,34.6505,129.48398
port,長崎県,毛吹港,,32.75645,128.97227,32.75645,128.97227
port,長崎県,江迎港,長崎県,33.30074,129.58912,33.30074,129.58912
port,長崎県,池島港,長崎県,32.88789,129.60476,32.88789,129.60476
port,長崎県,浜窄港,長崎県,32.73987,128.65062,32.73987,128.65062
port,長崎県,浜脇港,,32.77759,128.85019,32.77759,128.85019
port,長崎県,淵ノ元港,,32.76832,128.64617,32.76832,128.64617
port,長崎県,瀬川港,長崎県,33.0532,129.73299,33.0532,129.73299
port,長崎県,瀬戸港,長崎県,32.92533,129.64636,32.92533,129.64636
port,長崎県,獅子吼港,,33.47171,129.50953,33.47171,129.50953
port,長崎県,玉ノ浦港,長崎県,32.6431,128.63703,32.6431,128.63703
port,長崎県,田平港,長崎県,33.36229,129.5731,33.36229,129.5731
port,長崎県,田結港,長崎県,32.75828,129.99956,32.75828,129.99956
port,長崎県,相の浦港,長崎県,32.82328,128.93768,32.82328,128.93768
port,長崎県,石田港,,32.66337,130.32769,32.66337,130.32769
port,長崎県,神ノ浦港,長崎県,32.8796,129.67452,32.8796,129.67452
port,長崎県,神代港,長崎県,32.87488,130.26746,32.87488,130.26746
port,長崎県,神崎港,長崎県,33.4266,129.77605,33.4266,129.77605
port,長崎県,福島港,長崎県,33.35667,129.8255,33.35667,129.8255
port,長崎県,福江港,長崎県,32.6974,128.8548,32.6974,128.8548
port,長崎県,竹敷港,長崎県,34.29287,129.30872,34.29287,129.30872
port,長崎県,紐差港,,33.28053,129.50219,33.28053,129.50219
port,長崎県,肥前大島港,長崎県,33.03266,129.62592,33.03266,129.62592
port,長崎県,脇岬港,長崎県,32.57855,129.78734,32.57855,129.78734
port,長崎県,臼ノ浦港,長崎県,33.20516,129.59037,33.20516,129.59037
port,長崎県,芦ノ浦港,長崎県,32.75647,129.00423,32.75647,129.00423
port,長崎県,若松港,長崎県,32.89081,129.02804,32.89081,129.02804
port,長崎県,茂木港,長崎県,32.70293,129.91748,32.70293,129.91748
port,長崎県,西郷港,長崎県,32.87611,130.24493,32.87611,130.24493
port,長崎県,調川港,長崎県,33.35557,129.72424,33.35557,129.72424
port,長崎県,郷ノ浦港,長崎県,33.74269,129.67273,33.74269,129.67273
port,長崎県,郷ノ首港,長崎県,32.9241,129.0374,32.9241,129.0374
port,長崎県,長与港,長崎県,32.85419,129.86375,32.85419,129.86375
port,長崎県,長崎港,長崎県,32.71355,129.81776,32.71355,129.81776
port,長崎県,阿房下港,,33.01162,129.57934,33.01162,129.57934
port,長崎県,青方港,長崎県,32.99164,129.0278,32.99164,129.0278
port,長崎県,面高港,長崎県,33.07472,129.66817,33.07472,129.66817
port,長崎県,須川港,長崎県,32.64966,130.28916,32.64966,130.28916
port,長崎県,高島港,長崎県,32.64609,129.76144,32.64609,129.76144
port,長崎県,鯨ヶ浦港,,33.37431,129.61469,33.37431,129.61469
port,長崎県,鹿見港,長崎県,34.52072,129.31159,34.52072,129.31159
fishing,長崎県,一六漁港,九十九島,33.36374,129.62568,33.36374,129.62568
fishing,長崎県,一本松漁港,新魚目町,33.12382,129.10435,33.12382,129.10435
fishing,長崎県,一重漁港,上対馬町南部,34.52796,129.45469,34.52796,129.45469
fishing,長崎県,七湊漁港,石田町,33.75321,129.79084,33.75321,129.79084
fishing,長崎県,七目漁港,新魚目町 有川町,32.98449,129.09021,32.98449,129.09021
fishing,長崎県,三井楽漁港,五島,32.74432,128.70084,32.74432,128.70084
fishing,長崎県,三会漁港,島原,32.82466,130.35588,32.82466,130.35588
fishing,長崎県,三根漁港,峰町西部,34.45962,129.30628,34.45962,129.30628
fishing,長崎県,三浦湾漁港,美津島町,34.30366,129.36498,34.30366,129.36498
fishing,長崎県,三越漁港,川棚,33.04747,129.83897,33.04747,129.83897
fishing,長崎県,上五島漁港,上五島町,32.96109,129.02891,32.96109,129.02891
fishing,長崎県,上槻漁港,厳原町,34.18648,129.17975,34.18648,129.17975
fishing,長崎県,下中野漁港,中野,33.35688,129.50163,33.35688,129.50163
fishing,長崎県,中戸漁港,西海大崎,33.03156,129.58629,33.03156,129.58629
fishing,長崎県,丸尾漁港,新魚目町,33.00459,129.09412,33.00459,129.09412
fishing,長崎県,丸田漁港,西海大崎,33.00178,129.35217,33.00178,129.35217
fishing,長崎県,丹奈漁港,五島,32.67488,128.65776,32.67488,128.65776
fishing,長崎県,主師漁港,中野,33.35105,129.47469,33.35105,129.47469
fishing,長崎県,久和漁港,厳原町,34.1258,129.26034,34.1258,129.26034
fishing,長崎県,久喜漁港,石田町,33.73696,129.73535,33.73696,129.73535
fishing,長崎県,久木山漁港,島原半島南部,32.61278,130.17006,32.61278,130.17006
fishing,長崎県,久根浜漁港,厳原町,34.16891,129.17791,34.16891,129.17791
fishing,長崎県,久津漁港,佐世保市南部,33.07628,129.80262,33.07628,129.80262
fishing,長崎県,五根緒漁港,上対馬町琴,34.5958,129.47495,34.5958,129.47495
fishing,長崎県,五輪漁港,五島ふくえ,32.80378,128.90539,32.80378,128.90539
fishing,長崎県,京泊(南串山)漁港,橘湾東部,32.68677,130.14639,32.68677,130.14639
fishing,長崎県,今福漁港,新松浦,33.35649,129.76789,33.35649,129.76789
fishing,長崎県,仲知漁港,新魚目町,33.10153,129.10712,33.10153,129.10712
fishing,長崎県,伊奈漁港,伊奈,34.56052,129.30511,34.56052,129.30511
fishing,長崎県,伊木力漁港,多良見町,32.86107,129.92947,32.86107,129.92947
fishing,長崎県,伊福貴漁港,五島ふくえ,32.75445,128.96941,32.75445,128.96941
fishing,長崎県,似首漁港,新魚目町,33.0147,129.09327,33.0147,129.09327
fishing,長崎県,住吉漁港,美津島町,34.3367,129.39407,34.3367,129.39407
fishing,長崎県,佐尾漁港,神部,32.82567,129.04893,32.82567,129.04893
fishing,長崎県,佐護湊漁港,佐須奈,34.64427,129.33761,34.64427,129.33761
fishing,長崎県,佐賀漁港,峰町東部,34.44727,129.37844,34.44727,129.37844
fishing,長崎県,倭寇漁港,五島,32.57861,128.77654,32.57861,128.77654
fishing,長崎県,八ノ川漁港,五島,32.75434,128.69781,32.75434,128.69781
fishing,長崎県,八幡浦漁港,壱岐東部,33.78351,129.77837,33.78351,129.77837
fishing,長崎県,六島漁港,小値賀町,33.21956,129.13084,33.21956,129.13084
fishing,長崎県,内院漁港,厳原町,34.11176,129.23323,34.11176,129.23323
fishing,長崎県,出津漁港,外海町,32.8408,129.69993,32.8408,129.69993
fishing,長崎県,初瀬漁港,郷ノ浦町,33.7094,129.71751,33.7094,129.71751
fishing,長崎県,前方漁港,小値賀町,33.20243,129.08951,33.20243,129.08951
fishing,長崎県,前津吉漁港,平戸市,33.21248,129.45514,33.21248,129.45514
fishing,長崎県,加津佐漁港,島原半島南部,32.61907,130.16155,32.61907,130.16155
fishing,長崎県,千千石漁港,橘湾東部,32.78255,130.18749,32.78255,130.18749
fishing,長崎県,千尋藻漁港,豊玉町,34.39035,129.35623,34.39035,129.35623
fishing,長崎県,千綿漁港,大村湾,33.0216,129.93113,32.9816,129.93113
fishing,長崎県,南有馬漁港,島原半島南部,32.62179,130.23798,32.62179,130.23798
fishing,長崎県,南河原漁港,五島ふくえ,32.72737,128.8425,32.72737,128.8425
fishing,長崎県,南風泊漁港,西彼南部,32.66475,129.75385,32.66475,129.75385
fishing,長崎県,古田漁港,平戸市,33.22844,129.4239,33.22844,129.4239
fishing,長崎県,古里漁港,宇久,33.26217,129.08529,33.26217,129.08529
fishing,長崎県,和歌漁港,郷ノ浦町,33.7501,129.64927,33.7501,129.64927
fishing,長崎県,唐崎漁港,豊玉町,34.36046,129.25055,34.36046,129.25055
fishing,長崎県,唐比漁港,橘湾東部,32.79424,130.1449,32.79424,130.1449
fishing,長崎県,唐舟志漁港,上対馬町,34.61604,129.47859,34.61604,129.47859
fishing,長崎県,喜々津漁港,多良見町,32.83966,129.97864,32.83966,129.97864
fishing,長崎県,土井ノ浦漁港,神部,32.86413,129.01056,32.86413,129.01056
fishing,長崎県,堤漁港,平戸市,33.25965,129.41004,33.25965,129.41004
fishing,長崎県,塚堂漁港,大瀬戸町,32.90472,129.66451,32.90472,129.66451
fishing,長崎県,塩水漁港,五島,32.75638,128.64558,32.75638,128.64558
fishing,長崎県,塩津漁港,五島ふくえ,32.64121,128.86278,32.64121,128.86278
fishing,長崎県,塩浜漁港,豊玉町,34.38505,129.38066,34.38505,129.38066
fishing,長崎県,塩田漁港,西海大崎,33.05292,129.60078,33.05292,129.60078
fishing,長崎県,増田漁港,五島ふくえ,32.64747,128.78685,32.64747,128.78685
fishing,長崎県,大三東漁港,有明町,32.85415,130.34298,32.85415,130.34298
fishing,長崎県,大串漁港,奈留町,32.86061,128.89044,32.86061,128.89044
fishing,長崎県,大久保漁港,郷ノ浦町,33.7251,129.69608,33.7251,129.69608
fishing,長崎県,大宝漁港,五島,32.60583,128.66667,32.60583,128.66667
fishing,長崎県,大島(壱岐)漁港,郷ノ浦町,33.73273,129.63907,33.73273,129.63907
fishing,長崎県,大島(大島)漁港,西海大崎,33.05615,129.60605,33.05615,129.60605
fishing,長崎県,大島(小値賀)漁港,小値賀町,33.17543,129.0242,33.17543,129.0242
fishing,長崎県,大平漁港,若松町中央,32.92052,129.0017,32.92052,129.0017
fishing,長崎県,大根坂漁港,大島村,33.49415,129.55791,33.49415,129.55791
fishing,長崎県,大浜漁港,五島ふくえ,32.65085,128.80697,32.65085,128.80697
fishing,長崎県,大浦漁港,上対馬町,34.67494,129.43178,34.67494,129.43178
fishing,長崎県,大船越漁港,美津島町,34.27407,129.34737,34.27407,129.34737
fishing,長崎県,太中戸漁港,西海大崎,33.03972,129.58979,33.03972,129.58979
fishing,長崎県,太田漁港,有川町,32.95437,129.15218,32.95437,129.15218
fishing,長崎県,太郎ヶ浦漁港,九十九島,33.25224,129.56575,33.25224,129.56575
fishing,長崎県,奈摩漁港,上五島町 新魚目町,33.02466,129.0787,33.02466,129.0787
fishing,長崎県,奈良尾漁港,奈良尾町,32.85388,129.06474,32.85388,129.06474
fishing,長崎県,女連漁港,上県町,34.51141,129.30173,34.51141,129.30173
fishing,長崎県,子々川漁港,大村湾,32.86583,129.80606,32.86583,129.80606
fishing,長崎県,安神漁港,厳原町,34.14471,129.27663,34.14471,129.27663
fishing,長崎県,宝亀漁港,紐差,33.30411,129.51914,33.30411,129.51914
fishing,長崎県,宮ノ浦漁港,志々伎,33.18959,129.356,33.18959,129.356
fishing,長崎県,宿ノ浦漁港,若松町中央,32.86139,129.04279,32.86139,129.04279
fishing,長崎県,宿輪漁港,奈留町,32.84217,128.91866,32.84217,128.91866
fishing,長崎県,富ヶ浦漁港,上対馬町,34.62633,129.48334,34.62633,129.48334
fishing,長崎県,富津漁港,橘湾東部,32.75546,130.20142,32.75546,130.20142
fishing,長崎県,寺島漁港,宇久,33.25359,129.0648,33.25359,129.0648
fishing,長崎県,小串漁港,新魚目町,33.03876,129.09794,33.03876,129.09794
fishing,長崎県,小値賀漁港,小値賀町,33.18708,129.06401,33.18708,129.06401
fishing,長崎県,小崎漁港,郷ノ浦町,33.75062,129.66705,33.75062,129.66705
fishing,長崎県,小河原漁港,有川町,32.99204,129.13093,32.99204,129.13093
fishing,長崎県,小浜漁港,宇久,33.2456,129.11685,33.2456,129.11685
fishing,長崎県,小綱漁港,豊玉町,34.41613,129.28176,34.41613,129.28176
fishing,長崎県,小鹿漁港,上対馬町南部,34.5115,129.43805,34.5115,129.43805
fishing,長崎県,尾崎漁港,美津島町,34.30993,129.22522,34.30993,129.22522
fishing,長崎県,尾浦漁港,厳原町,34.16384,129.28395,34.16384,129.28395
fishing,長崎県,山下漁港,五島,32.58679,128.74914,32.58679,128.74914
fishing,長崎県,山崎漁港,石田町,33.77322,129.77729,33.77322,129.77729
fishing,長崎県,岩瀬浦漁港,奈良尾町,32.88218,129.08947,32.88218,129.08947
fishing,長崎県,崎山漁港,五島ふくえ,32.65877,128.88794,32.65877,128.88794
fishing,長崎県,崎浦漁港,有川町,32.99651,129.17846,32.99651,129.17846
fishing,長崎県,嵯峨島漁港,五島,32.72833,128.6009,32.72833,128.6009
fishing,長崎県,布津漁港,布津町,32.6887,130.35787,32.6887,130.35787
fishing,長崎県,平島漁港,西海大崎,32.99898,129.2359,32.99898,129.2359
fishing,長崎県,平漁港,宇久小値賀,33.26055,129.14142,33.26055,129.14142
fishing,長崎県,度島漁港,平戸市,33.43135,129.52002,33.43135,129.52002
fishing,長崎県,式見漁港,長崎市新三重,32.78502,129.78816,32.78502,129.78816
fishing,長崎県,後網漁港,五島,32.76195,128.69831,32.76195,128.69831
fishing,長崎県,御崎漁港,生月,33.42552,129.43305,33.42552,129.43305
fishing,長崎県,志々伎浦漁港,志々伎,33.19626,129.40027,33.19626,129.40027
fishing,長崎県,志佐漁港,新松浦,33.34819,129.70624,33.34819,129.70624
fishing,長崎県,志多賀漁港,峰町東部,34.47471,129.39943,34.47471,129.39943
fishing,長崎県,志越漁港,峰町東部,34.4899,129.41166,34.4899,129.41166
fishing,長崎県,恵美須漁港,箱崎,33.81706,129.76263,33.81706,129.76263
fishing,長崎県,惣津漁港,川棚,33.06235,129.83002,33.06235,129.83002
fishing,長崎県,戸岐漁港,五島ふくえ,32.75463,128.82372,32.75463,128.82372
fishing,長崎県,戸楽漁港,福江市福江 五島,32.70625,128.84451,32.70625,128.84451
fishing,長崎県,戸石漁港,長崎市たちばな,32.76152,129.97938,32.76152,129.97938
fishing,長崎県,手熊漁港,長崎市福田,32.77386,129.79734,32.77386,129.79734
fishing,長崎県,斑漁港,小値賀町,33.2057,129.0304,33.2057,129.0304
fishing,長崎県,日島漁港,若松,32.9131,128.95783,32.9131,128.95783
fishing,長崎県,日比漁港,長崎県,33.4419,129.7687,33.4419,129.7687
fishing,長崎県,早崎漁港,島原半島南部,32.59282,130.17632,32.59282,130.17632
fishing,長崎県,早福漁港,志々伎,33.22756,129.3849,33.22756,129.3849
fishing,長崎県,星鹿漁港,新松浦,33.37906,129.67756,33.37906,129.67756
fishing,長崎県,春日漁港,平戸市,33.34107,129.44018,33.34107,129.44018
fishing,長崎県,有喜漁港,橘湾中央,32.79039,130.08632,32.79039,130.08632
fishing,長崎県,有家漁港,有家町,32.65118,130.30697,32.65118,130.30697
fishing,長崎県,木ヶ津漁港,紐差,33.27772,129.48997,33.27772,129.48997
fishing,長崎県,木坂漁港,峰町西部,34.46291,129.27646,34.46291,129.27646
fishing,長崎県,木場漁港,宇久,33.29026,129.11863,33.29026,129.11863
fishing,長崎県,木指漁港,橘湾東部,32.71573,130.1844,32.71573,130.1844
fishing,長崎県,木津漁港,橘湾東部,32.76741,130.18597,32.76741,130.18597
fishing,長崎県,本窯漁港,五島ふくえ,32.76955,128.9898,32.76955,128.9898
fishing,長崎県,東浦漁港,大村湾東部,32.88877,129.95975,32.88877,129.95975
fishing,長崎県,東風泊漁港,奈留町,32.8276,128.94626,32.8276,128.94626
fishing,長崎県,松原漁港,大村市,32.98085,129.94375,32.98085,129.94375
fishing,長崎県,松尾漁港,有明,32.83612,130.34893,32.83612,130.34893
fishing,長崎県,枯木漁港,島原,32.73597,130.37294,32.73597,130.37294
fishing,長崎県,柏漁港,五島,32.78155,128.66796,32.78155,128.66796
fishing,長崎県,柳漁港,宇久小値賀,33.21202,129.06121,33.21202,129.06121
fishing,長崎県,柿ノ浦漁港,針尾,33.10178,129.74295,33.10178,129.74295
fishing,長崎県,根獅子漁港,平戸市,33.29095,129.44305,33.29095,129.44305
fishing,長崎県,根緒漁港,美津島町高浜,34.24331,129.31881,34.24331,129.31881
fishing,長崎県,桐古里漁港,若松町中央,32.86821,129.04536,32.86821,129.04536
fishing,長崎県,楠泊漁港,九十九島,33.21009,129.58222,33.21009,129.58222
fishing,長崎県,樫ノ浦漁港,五島ふくえ,32.74843,128.84153,32.74843,128.84153
fishing,長崎県,樺島漁港,野母崎三和,32.5685,129.78481,32.5685,129.78481
fishing,長崎県,櫛漁港,峰町東部,34.43226,129.36701,34.43226,129.36701
fishing,長崎県,殿ノ浦漁港,新松浦,33.42459,129.7578,33.42459,129.7578
fishing,長崎県,母ヶ浦漁港,郷ノ浦町,33.80098,129.66242,33.80098,129.66242
fishing,長崎県,水ノ浦漁港,五島,32.74735,128.74375,32.74735,128.74375
fishing,長崎県,水崎漁港,豊玉町,34.35493,129.2678,34.35493,129.2678
fishing,長崎県,汐池漁港,奈留町,32.84756,128.95795,32.84756,128.95795
fishing,長崎県,江ノ浜漁港,有川町,32.98933,129.17684,32.98933,129.17684
fishing,長崎県,江ノ浦漁港,橘湾中央,32.76024,130.03417,32.76024,130.03417
fishing,長崎県,江切漁港,大瀬戸町,32.96116,129.62707,32.96116,129.62707
fishing,長崎県,江神漁港,奈留町,32.85446,128.90184,32.85446,128.90184
fishing,長崎県,池下漁港,橘湾中央,32.75812,129.98728,32.75812,129.98728
fishing,長崎県,沖の島漁港,西彼南部,32.69638,129.78662,32.69638,129.78662
fishing,長崎県,泉漁港,上対馬町,34.67829,129.47617,34.67829,129.47617
fishing,長崎県,泊ヶ浦漁港,平戸市,33.40132,129.52719,33.40132,129.52719
fishing,長崎県,波砂間漁港,五島,32.74534,128.64852,32.74534,128.64852
fishing,長崎県,津和崎漁港,新魚目町,33.14892,129.11385,33.14892,129.11385
fishing,長崎県,津柳漁港,峰町西部,34.48659,129.29135,34.48659,129.29135
fishing,長崎県,浅子漁港,佐世保市相浦,33.1944,129.62052,33.1944,129.62052
fishing,長崎県,浜串漁港,浜串,32.89897,129.08814,32.89897,129.08814
fishing,長崎県,浜久須漁港,上対馬町,34.62615,129.44866,34.62615,129.44866
fishing,長崎県,浜津漁港,小値賀町,33.1939,129.04262,33.1939,129.04262
fishing,長崎県,浦漁港,長崎県,32.8267,128.9355,32.8267,128.9355
fishing,長崎県,浦田漁港,島原半島南部,32.63979,130.26007,32.63979,130.26007
fishing,長崎県,深堀漁港,長崎市みなと,32.68936,129.83165,32.68936,129.83165
fishing,長崎県,深江漁港,深江町,32.72114,130.36019,32.72114,130.36019
fishing,長崎県,渡良柏漁港,郷ノ浦町,33.76451,129.64651,33.76451,129.64651
fishing,長崎県,湯ノ本漁港,勝本町,33.80774,129.68224,33.80774,129.68224
fishing,長崎県,湯江(南高来)漁港,有明町,32.86395,130.32938,32.86395,130.32938
fishing,長崎県,湯江（北高来）漁港,長崎県,32.8971,130.13341,32.8971,130.13341
fishing,長崎県,滑栄漁港,新松浦,33.34227,129.79277,33.34227,129.79277
fishing,長崎県,瀬漁港,厳原町,34.14942,129.17299,34.14942,129.17299
fishing,長崎県,為石漁港,野母崎三和,32.63952,129.8406,32.63952,129.8406
fishing,長崎県,猛島漁港,島原,32.79611,130.3722,32.79611,130.3722
fishing,長崎県,猪渡谷漁港,平戸市,33.24589,129.42707,33.24589,129.42707
fishing,長崎県,獅子漁港,平戸市,33.30831,129.43652,33.30831,129.43652
fishing,長崎県,琴漁港,上対馬町琴,34.54908,129.46282,34.54908,129.46282
fishing,長崎県,生向漁港,九十九島,33.33304,129.57281,33.33304,129.57281
fishing,長崎県,生月漁港,生月,33.38645,129.43484,33.38645,129.43484
fishing,長崎県,田ノ浜漁港,伊奈,34.57014,129.29054,34.57014,129.29054
fishing,長崎県,田ノ浦漁港,すくも湾,32.78305,128.83976,32.78305,128.83976
fishing,長崎県,田助漁港,平戸市,33.39021,129.55385,33.39021,129.55385
fishing,長崎県,白浜漁港,西彼町,33.01604,129.73757,33.01604,129.73757
fishing,長崎県,白石漁港,中野,33.35079,129.44723,33.35079,129.44723
fishing,長崎県,相川漁港,長崎市新三重,32.79329,129.77301,32.79329,129.77301
fishing,長崎県,真浦漁港,五島ふくえ・黄島・五島,32.04174,128.39982,32.04174,128.39982
fishing,長崎県,矢岳漁港,九十九島,33.23488,129.56616,33.23488,129.56616
fishing,長崎県,矢神漁港,奈留町,32.86463,128.94022,32.86463,128.94022
fishing,長崎県,神の浦(宇久)漁港,宇久,33.25114,129.0908,33.25114,129.0908
fishing,長崎県,神之浦(有川)漁港,有川町,32.92332,129.08794,32.92332,129.08794
fishing,長崎県,神之浦(若松)漁港,若松町中央,32.90328,129.02472,32.90328,129.02472
fishing,長崎県,神崎漁港,九十九島,33.22519,129.55423,33.22519,129.55423
fishing,長崎県,神田漁港,郷ノ浦町,33.74561,129.65814,33.74561,129.65814
fishing,長崎県,神部漁港,神部,32.87441,129.02667,32.87441,129.02667
fishing,長崎県,福田漁港,長崎市福田,32.74263,129.82293,32.74263,129.82293
fishing,長崎県,福良漁港,志々伎,33.18942,129.36789,33.18942,129.36789
fishing,長崎県,立串漁港,新魚目町,33.05819,129.10724,33.05819,129.10724
fishing,長崎県,笛吹漁港,若松町中央,32.89498,129.06224,32.89498,129.06224
fishing,長崎県,納島漁港,小値賀町,33.21668,129.06728,33.21668,129.06728
fishing,長崎県,細石流漁港,五島ふくえ,32.83229,128.85243,32.83229,128.85243
fishing,長崎県,網場漁港,長崎市たちばな,32.75628,129.94802,32.75628,129.94802
fishing,長崎県,美津島漁港,美津島町,34.3076,129.38005,34.3076,129.38005
fishing,長崎県,舟森漁港,長崎県,33.15967,129.12915,33.15967,129.12915
fishing,長崎県,船唐津漁港,新松浦,33.41297,129.7246,33.41297,129.7246
fishing,長崎県,船越漁港,志々伎,33.18715,129.3922,33.18715,129.3922
fishing,長崎県,芦ヶ浦漁港,美津島町,34.34552,129.3706,34.34552,129.3706
fishing,長崎県,芦辺漁港,壱岐東部 箱崎,33.80559,129.76362,33.80559,129.76362
fishing,長崎県,荒川漁港,五島,32.6701,128.67333,32.6701,128.67333
fishing,長崎県,葛島漁港,奈留町,32.88522,128.91734,32.88522,128.91734
fishing,長崎県,蒲河漁港,有家町,32.66476,130.32102,32.66476,130.32102
fishing,長崎県,蕨漁港,五島ふくえ,32.82708,128.88965,32.82708,128.88965
fishing,長崎県,薄香湾漁港,平戸市,33.37271,129.54108,33.37271,129.54108
fishing,長崎県,藪路木漁港,小値賀町,33.178,129.01971,33.178,129.01971
fishing,長崎県,蚊焼漁港,野母崎三和,32.65477,129.8152,32.65477,129.8152
fishing,長崎県,西木場漁港,新松浦,33.37049,129.62773,33.37049,129.62773
fishing,長崎県,西津屋漁港,佐須奈,34.66751,129.40191,34.66751,129.40191
fishing,長崎県,西浜漁港,平戸市,33.24781,129.416,33.24781,129.416
fishing,長崎県,西海漁港,美津島町西海,34.32273,129.27601,34.32273,129.27601
fishing,長崎県,諸津漁港,箱崎,33.83471,129.76834,33.83471,129.76834
fishing,長崎県,豆酘漁港,厳原町,34.1085,129.188,34.1085,129.188
fishing,長崎県,豊漁港,上対馬町,34.69478,129.45688,34.69478,129.45688
fishing,長崎県,貝崎漁港,布津町,32.67853,130.3535,32.67853,130.3535
fishing,長崎県,貝津漁港,五島,32.71336,128.65377,32.71336,128.65377
fishing,長崎県,賀谷漁港,美津島町,34.36976,129.38045,34.36976,129.38045
fishing,長崎県,赤島漁港,福江市福江,34.35499,129.40374,34.35499,129.40374
fishing,長崎県,赤島漁港,美津島町,32.5974,128.9195,32.5974,128.9195
fishing,長崎県,赤瀬漁港,若松,32.87765,128.97401,32.87765,128.97401
fishing,長崎県,赤間漁港,橘湾東部,32.67931,130.12797,32.67931,130.12797
fishing,長崎県,越高漁港,上県町 伊奈,34.54954,129.32548,34.54954,129.32548
fishing,長崎県,道土井漁港,上五島町,32.94331,129.03585,32.94331,129.03585
fishing,長崎県,里漁港,大村湾,33.00165,129.94346,32.96165,129.94346
fishing,長崎県,野々串漁港,野母崎三和,32.61528,129.78854,32.61528,129.78854
fishing,長崎県,野園漁港,五島ふくえ,32.7692,128.85812,32.7692,128.85812
fishing,長崎県,野崎漁港,宇久小値賀,33.18292,129.13615,33.18292,129.13615
fishing,長崎県,野方漁港,宇久,33.29952,129.1353,33.29952,129.1353
fishing,長崎県,野母漁港,野母崎三和,32.5782,129.75458,32.5782,129.75458
fishing,長崎県,釜田漁港,九十九島,33.37472,129.59534,33.37472,129.59534
fishing,長崎県,針尾漁港,針尾,33.07732,129.74573,33.07732,129.74573
fishing,長崎県,鈴ノ浦漁港,奈留町,32.84304,128.92031,32.84304,128.92031
fishing,長崎県,銘漁港,豊玉町,34.42769,129.27888,34.42769,129.27888
fishing,長崎県,鍋串漁港,新松浦,33.40074,129.81105,33.40074,129.81105
fishing,長崎県,長串漁港,九十九島,33.25832,129.56503,33.25832,129.56503
fishing,長崎県,長崎漁港,長崎市新三重,32.81394,129.76038,32.81394,129.76038
fishing,長崎県,長手漁港,五島ふくえ,32.67612,128.87504,32.67612,128.87504
fishing,長崎県,阿翁浦漁港,新松浦,33.45493,129.75966,33.45493,129.75966
fishing,長崎県,阿連漁港,厳原町,34.27057,129.19575,34.27057,129.19575
fishing,長崎県,阿須湾漁港,阿須湾 厳原町,34.2196,129.30214,34.2196,129.30214
fishing,長崎県,青島漁港,新松浦,33.40904,129.69071,33.40904,129.69071
fishing,長崎県,青海漁港,峰町西部,34.472,129.27605,34.472,129.27605
fishing,長崎県,音琴漁港,大村湾,33.05526,129.89288,33.05526,129.89288
fishing,長崎県,須草漁港,平戸市,33.39438,129.52691,33.39438,129.52691
fishing,長崎県,飛子漁港,橘湾東部,32.69492,130.16959,32.69492,130.16959
fishing,長崎県,飛島漁港,新松浦,33.39503,129.77526,33.39503,129.77526
fishing,長崎県,飯ノ瀬戸漁港,飯ノ瀬戸,32.95942,129.00336,32.95942,129.00336
fishing,長崎県,飯盛漁港,平戸市,33.43916,129.54025,33.43916,129.54025
fishing,長崎県,飯良漁港,平戸市,33.2826,129.42589,33.2826,129.42589
fishing,長崎県,館浦漁港,館浦,33.35966,129.43497,33.35966,129.43497
fishing,長崎県,高島漁港,佐世保市相浦,33.16982,129.58893,33.16982,129.58893
fishing,長崎県,高崎漁港,五島,32.77473,128.68137,32.77473,128.68137
fishing,長崎県,高浜漁港,美津島町高浜,34.26058,129.32035,34.26058,129.32035
fishing,長崎県,高越漁港,平戸市,33.3253,129.442,33.3253,129.442
fishing,長崎県,鯛ノ浦漁港,有川町,32.95959,129.10254,32.95959,129.10254
fishing,長崎県,鰐ノ浦漁港,上対馬町,34.69685,129.43959,34.69685,129.43959
fishing,長崎県,鴨居瀬漁港,美津島町,34.33646,129.36836,34.33646,129.36836
fishing,長崎県,鹿町漁港,九十九島,33.27385,129.58447,33.27385,129.58447
fishing,長崎県,麦谷漁港,郷ノ浦町,33.76568,129.67484,33.76568,129.67484
fishing,長崎県,黄島漁港,黄島,32.57102,128.90182,32.57102,128.90182
fishing,長崎県,黒島(富江)漁港,五島,32.60602,128.83247,32.60602,128.83247
fishing,長崎県,黒島(鷹島)漁港,新松浦,33.45438,129.72633,33.45438,129.72633
fishing,長崎県,黒島漁港,黒島,33.14648,129.52707,33.14648,129.52707
fishing,長崎県,黒崎漁港,外海町,32.82944,129.71422,32.82944,129.71422
fishing,長崎県,黒瀬(大島)漁港,西海大崎,33.06098,129.63946,33.06098,129.63946
fishing,長崎県,黒瀬(富江)漁港,五島,32.60363,128.73693,32.60363,128.73693
fishing,長崎県,龍石漁港,西有家町,32.65063,130.27039,32.65063,130.27039
port,熊本県,三角港,熊本県,32.6012,130.46165,32.6012,130.46165
port,熊本県,上天草港,上天草市,32.39474,130.40553,32.39474,130.40553
port,熊本県,上津深江港,苓北町,32.52152,130.0714,32.52152,130.0714
port,熊本県,佐敷港,熊本県,32.29795,130.47752,32.29795,130.47752
port,熊本県,八代港,熊本県,32.5374,130.53725,32.5374,130.53725
port,熊本県,合津港,熊本県,32.51996,130.42569,32.51996,130.42569
port,熊本県,呑崎港,玉名市,32.85712,130.57487,32.85712,130.57487
port,熊本県,大浦港,熊本県,32.52475,130.37514,32.52475,130.37514
port,熊本県,大門港,熊本県,32.41913,130.21419,32.41913,130.21419
port,熊本県,天草港,天草市,32.51927,130.3208,32.51927,130.3208
port,熊本県,姫戸港,熊本県,32.43583,130.41494,32.43583,130.41494
port,熊本県,富岡港,熊本県,32.52272,130.0383,32.52272,130.0383
port,熊本県,日奈久港,八代市,32.43489,130.55397,32.43489,130.55397
port,熊本県,本渡港,熊本県,32.4605,130.20619,32.4605,130.20619
port,熊本県,水俣港,熊本県,32.19803,130.37127,32.19803,130.37127
port,熊本県,河内港,熊本県,32.83354,130.57543,32.83354,130.57543
port,熊本県,熊本港,熊本県,32.76046,130.57072,32.76046,130.57072
port,熊本県,牛深港,熊本県,32.19427,130.03469,32.19427,130.03469
port,熊本県,田浦港,熊本県,32.35223,130.49003,32.35223,130.49003
port,熊本県,百貫港,熊本県,32.7995,130.59461,32.7995,130.59461
port,熊本県,荒尾港,荒尾市,32.99062,130.42159,32.99062,130.42159
port,熊本県,都呂々港,苓北町,32.4712,130.03577,32.4712,130.03577
port,熊本県,鏡港,八代市,32.59078,130.61577,32.59078,130.61577
port,熊本県,長洲港,熊本県,32.924,130.43904,32.924,130.43904
port,熊本県,高浜港,熊本県,32.37923,129.99059,32.37923,129.99059
port,熊本県,鬼池港,熊本県,32.54837,130.19044,32.54837,130.19044
fishing,熊本県,一部漁港,荒尾,32.97105,130.43037,32.97105,130.43037
fishing,熊本県,七ツ割漁港,天草,32.59088,130.39546,32.59088,130.39546
fishing,熊本県,下大多尾漁港,天草,32.3484,130.20771,32.3484,130.20771
fishing,熊本県,下平漁港,天草,32.26508,130.11439,32.26508,130.11439
fishing,熊本県,下桶川漁港,天草 樋島,32.3784,130.41713,32.3784,130.41713
fishing,熊本県,下浦漁港,天草,32.41673,130.23243,32.41673,130.23243
fishing,熊本県,下貫漁港,天草,32.40784,130.4088,32.40784,130.4088
fishing,熊本県,串漁港,天草,32.60837,130.41602,32.60837,130.41602
fishing,熊本県,丸島漁港,水俣市,32.21675,130.38436,32.21675,130.38436
fishing,熊本県,二本木漁港,天草,32.31466,130.16747,32.31466,130.16747
fishing,熊本県,二江漁港,天草,32.55004,130.12604,32.55004,130.12604
fishing,熊本県,二見漁港,二見,32.41812,130.54518,32.41812,130.54518
fishing,熊本県,井牟田漁港,田浦,32.39784,130.52351,32.39784,130.52351
fishing,熊本県,住吉漁港,住吉,32.70837,130.59267,32.70837,130.59267
fishing,熊本県,佐伊津漁港,天草,32.49588,130.19382,32.49588,130.19382
fishing,熊本県,内潟片島漁港,三角町,32.59005,130.49101,32.59005,130.49101
fishing,熊本県,千束漁港,天草,32.56447,130.46319,32.56447,130.46319
fishing,熊本県,合串漁港,津奈木,32.28008,130.44602,32.28008,130.44602
fishing,熊本県,四番漁港,沖新畠口,32.75336,130.60377,32.75336,130.60377
fishing,熊本県,坂瀬川漁港,天草,32.53026,130.09053,32.53026,130.09053
fishing,熊本県,塩屋漁港,河内,32.81724,130.59127,32.81724,130.59127
fishing,熊本県,大多尾漁港,天草,32.35673,130.21437,32.35673,130.21437
fishing,熊本県,大手原漁港,天草,32.59893,130.40546,32.59893,130.40546
fishing,熊本県,大正開漁港,岱明,32.89223,130.49671,32.89223,130.49671
fishing,熊本県,大江漁港,天草,32.31784,129.99217,32.31784,129.99217
fishing,熊本県,大泊漁港,津奈木,32.23953,130.43297,32.23953,130.43297
fishing,熊本県,大浦元浦漁港,天草,32.31618,130.3302,32.31618,130.3302
fishing,熊本県,大浦漁港,有明町,32.52838,130.36436,32.52838,130.36436
fishing,熊本県,大田尾漁港,三角町,32.6406,130.4731,32.6406,130.4731
fishing,熊本県,大矢漁港,芦北,32.28847,130.46534,32.28847,130.46534
fishing,熊本県,大道漁港,大道,32.38396,130.34575,32.38396,130.34575
fishing,熊本県,大鞘漁港,鏡町 昭和 千丁,32.57352,130.58591,32.57352,130.58591
fishing,熊本県,天明漁港,川口 海路口,32.71695,130.61002,32.71695,130.61002
fishing,熊本県,女岳漁港,天草,32.28891,130.16212,32.28891,130.16212
fishing,熊本県,宮津漁港,天草,32.55171,130.17771,32.55171,130.17771
fishing,熊本県,宮田漁港,倉岳町,32.39667,130.31167,32.39667,130.31167
fishing,熊本県,富岡漁港,天草,32.51727,130.03272,32.51727,130.03272
fishing,熊本県,小屋河内漁港,天草,32.38951,130.39213,32.38951,130.39213
fishing,熊本県,小田床漁港,天草,32.40256,130.0005,32.40256,130.0005
fishing,熊本県,小田良漁港,三角町,32.64976,130.49129,32.64976,130.49129
fishing,熊本県,山ノ浦漁港,天草,32.22508,130.08161,32.22508,130.08161
fishing,熊本県,島子漁港,島子,32.48339,130.26437,32.48339,130.26437
fishing,熊本県,崎津漁港,米子市,32.30931,130.02295,32.30931,130.02295
fishing,熊本県,嵐口漁港,熊本県,32.3534,130.36436,32.3534,130.36436
fishing,熊本県,干切漁港,天草,32.51672,130.4574,32.51672,130.4574
fishing,熊本県,引坂漁港,天草,32.55171,130.15938,32.55171,130.15938
fishing,熊本県,御所浦漁港,大島,32.34285,130.33575,32.34285,130.33575
fishing,熊本県,御船漁港,三角町,32.62226,130.55045,32.62226,130.55045
fishing,熊本県,御領漁港,天草,32.51838,130.19937,32.51838,130.19937
fishing,熊本県,志岐漁港,天草,32.51727,130.0505,32.51727,130.0505
fishing,熊本県,志柿漁港,天草,32.46388,130.23701,32.46388,130.23701
fishing,熊本県,戸ノ崎漁港,天草,32.38377,130.23997,32.38377,130.23997
fishing,熊本県,戸馳漁港,三角町,32.5956,130.5099,32.5956,130.5099
fishing,熊本県,杉迫漁港,田浦,32.37396,130.49768,32.37396,130.49768
fishing,熊本県,松合漁港,松合,32.62738,130.60586,32.62738,130.60586
fishing,熊本県,栖本漁港,栖本,32.40895,130.2738,32.40895,130.2738
fishing,熊本県,植柳漁港,八代,32.48506,130.58267,32.48506,130.58267
fishing,熊本県,楠甫漁港,天草,32.51713,130.38295,32.51713,130.38295
fishing,熊本県,樋合漁港,天草,32.53949,130.40102,32.53949,130.40102
fishing,熊本県,横島漁港,横島,32.84318,130.54452,32.84318,130.54452
fishing,熊本県,横浦漁港,天草,32.36451,130.3427,32.36451,130.3427
fishing,熊本県,沖新漁港,沖新,32.76725,130.59961,32.76725,130.59961
fishing,熊本県,浅海漁港,天草,32.23841,130.08272,32.23841,130.08272
fishing,熊本県,海浦漁港,田浦,32.33063,130.48102,32.33063,130.48102
fishing,熊本県,海路口漁港,海路口,32.74481,130.6047,32.74481,130.6047
fishing,熊本県,深海漁港,天草,32.25202,130.09772,32.25202,130.09772
fishing,熊本県,湯堂漁港,水俣市,32.1812,130.37631,32.1812,130.37631
fishing,熊本県,湯島漁港,天草,32.60337,130.33769,32.60337,130.33769
fishing,熊本県,烏帽子漁港,嵐口 御所浦町,32.32032,130.35591,32.32032,130.35591
fishing,熊本県,牛ノ水漁港,芦北,32.2923,130.46991,32.2923,130.46991
fishing,熊本県,牛深漁港,天草,32.20459,130.03911,32.20459,130.03911
fishing,熊本県,牟田漁港,天草,32.47097,130.44035,32.47097,130.44035
fishing,熊本県,牧島漁港,天草,32.34451,130.33103,32.34451,130.33103
fishing,熊本県,猪子田漁港,栖本,32.3959,130.28659,32.3959,130.28659
fishing,熊本県,玉名漁港,大浜 滑石,32.87905,130.52281,32.87905,130.52281
fishing,熊本県,田井ノ浦漁港,三角町,32.59921,130.47962,32.59921,130.47962
fishing,熊本県,田浦漁港,田浦,32.35796,130.50011,32.35796,130.50011
fishing,熊本県,白戸(栖本)漁港,栖本,32.39312,130.25437,32.39312,130.25437
fishing,熊本県,白濤(登立)漁港,天草,32.61504,130.43046,32.61504,130.43046
fishing,熊本県,砂月漁港,天草,32.17008,130.02606,32.17008,130.02606
fishing,熊本県,福浜漁港,津奈木,32.25675,130.43019,32.25675,130.43019
fishing,熊本県,福浦漁港,津奈木,32.28508,130.46102,32.28508,130.46102
fishing,熊本県,立漁港,天草,32.32174,130.19549,32.32174,130.19549
fishing,熊本県,網田漁港,網田,32.66726,130.53795,32.66726,130.53795
fishing,熊本県,美ノ越漁港,有明町,32.50338,130.30047,32.50338,130.30047
fishing,熊本県,船津漁港,天草,32.30674,130.14938,32.30674,130.14938
fishing,熊本県,茂串漁港,天草,32.21758,130.00745,32.21758,130.00745
fishing,熊本県,茂道漁港,水俣市,32.17675,130.3652,32.17675,130.3652
fishing,熊本県,蔵蔵漁港,天草,32.5756,130.48379,32.5756,130.48379
fishing,熊本県,西川内漁港,天草,32.54171,130.10771,32.54171,130.10771
fishing,熊本県,貝場漁港,天草,32.55366,130.45324,32.55366,130.45324
fishing,熊本県,赤瀬漁港,網田,32.65694,130.50817,32.65694,130.50817
fishing,熊本県,軍ヶ浦漁港,天草,32.31173,130.00551,32.31173,130.00551
fishing,熊本県,郡浦漁港,三角町,32.62087,130.53101,32.62087,130.53101
fishing,熊本県,都呂々漁港,天草,32.46672,130.03494,32.46672,130.03494
fishing,熊本県,野釜漁港,天草,32.58171,130.38935,32.58171,130.38935
fishing,熊本県,長浜漁港,網田,32.69503,130.56378,32.69503,130.56378
fishing,熊本県,長浦漁港,天草,32.35062,130.31603,32.35062,130.31603
fishing,熊本県,須子漁港,有明町,32.51588,130.33936,32.51588,130.33936
fishing,熊本県,魚貫崎漁港,天草,32.24346,129.98392,32.24346,129.98392
fishing,熊本県,鳩之釜漁港,天草,32.58004,130.40268,32.58004,130.40268
fishing,熊本県,鷺浦漁港,天草,32.54838,130.46435,32.54838,130.46435
port,大分県,下ノ江港,大分県,33.16091,131.82557,33.16091,131.82557
port,大分県,中津港,大分県,33.62692,131.23548,33.62692,131.23548
port,大分県,丸市尾港,大分県,32.789,131.87659,32.789,131.87659
port,大分県,佐伯港,大分県,32.97788,131.91473,32.97788,131.91473
port,大分県,佐賀関港,大分県,33.25243,131.86828,33.25243,131.86828
port,大分県,別府港,大分県,33.3077,131.50736,33.3077,131.58736
port,大分県,国東港,大分県,33.566,131.73844,33.566,131.73844
port,大分県,堅来港,大分県,33.64682,131.49267,33.64682,131.49267
port,大分県,大分港,大分県,33.27375,131.71303,33.27375,131.71303
port,大分県,姫島港,大分県,33.71974,131.64966,33.71974,131.64966
port,大分県,守江港,大分県,33.40973,131.64848,33.40973,131.64848
port,大分県,小高島港,,33.68641,131.55593,33.68641,131.55593
port,大分県,日出港,大分県,33.36389,131.53209,33.36389,131.61209
port,大分県,津久見港,大分県,33.08808,131.87234,33.08808,131.87234
port,大分県,浦代港,大分県,32.91908,131.98279,32.91908,131.98279
port,大分県,真玉港,,33.61914,131.46985,33.61914,131.46985
port,大分県,羽根港,大分県,33.65813,131.49959,33.65813,131.49959
port,大分県,臼杵港,大分県,33.12978,131.81544,33.12978,131.81544
port,大分県,臼野港,大分県,33.63574,131.48023,33.63574,131.48023
port,大分県,高田港,大分県,33.58185,131.41925,33.58185,131.41925
fishing,大分県,三浦漁港,大分県,33.64966,131.49679,33.64966,131.49679
fishing,大分県,上浦(臼杵)漁港,大分県,33.11723,131.84004,33.11723,131.84004
fishing,大分県,下浦漁港,大分県,33.19584,131.85782,33.19584,131.85782
fishing,大分県,中津浦漁港,大分県,33.14308,131.82051,33.14308,131.82051
fishing,大分県,中越漁港,大分県,32.93269,132.0035,32.93269,132.0035
fishing,大分県,丹賀漁港,大分県,32.94854,132.04957,32.94854,132.04957
fishing,大分県,亀川漁港,大分県,33.32776,131.49701,33.32776,131.61701
fishing,大分県,二又漁港,大分県,32.95434,131.96879,32.95434,131.96879
fishing,大分県,二栄漁港,大分県,33.02208,131.91642,32.98208,131.91642
fishing,大分県,今津漁港,大分県,33.59167,131.27061,33.59167,131.27061
fishing,大分県,仙水漁港,大分県,33.06641,131.94809,33.06641,131.94809
fishing,大分県,佐志生漁港,大分県,33.175,131.82976,33.175,131.82976
fishing,大分県,佐賀関漁港,大分県,33.24555,131.87837,33.24555,131.87837
fishing,大分県,保戸島漁港,大分県,33.10415,132.00586,33.10415,132.00586
fishing,大分県,元猿漁港,大分県,32.80466,131.96344,32.80466,131.96344
fishing,大分県,入津漁港,大分県,32.81995,131.96334,32.81995,131.96334
fishing,大分県,八代漁港,大分県,33.37108,131.61547,33.37108,131.61547
fishing,大分県,内迫漁港,大分県,33.66494,131.66534,33.66494,131.66534
fishing,大分県,加貫漁港,大分県,33.37609,131.63839,33.37609,131.63839
fishing,大分県,北江漁港,大分県,33.58316,131.73214,33.58316,131.73214
fishing,大分県,北浦漁港,大分県,33.734,131.65795,33.734,131.65795
fishing,大分県,古江漁港,大分県,33.67883,131.61699,33.67883,131.61699
fishing,大分県,古町漁港,大分県,33.68689,131.59855,33.68689,131.59855
fishing,大分県,吹浦漁港,大分県,32.95443,131.94052,32.95443,131.94052
fishing,大分県,和間漁港,大分県,33.57916,131.39847,33.57916,131.39847
fishing,大分県,啝ノ浦漁港,大分県,33.67494,131.64227,33.67494,131.64227
fishing,大分県,四浦漁港,大分県,33.06904,131.98859,33.06904,131.98859
fishing,大分県,坪江漁港,大分県,33.12409,131.85952,33.12409,131.85952
fishing,大分県,堅来漁港,大分県,33.61561,131.70106,33.61561,131.70106
fishing,大分県,塩ヶ谷漁港,大分県,32.99697,131.92643,32.99697,131.92643
fishing,大分県,大元漁港,大分県,33.09268,131.99406,33.09268,131.99406
fishing,大分県,大入島漁港,大分県,32.99246,131.94084,32.99246,131.94084
fishing,大分県,大分漁港,大分県,33.25359,131.60689,33.25359,131.60689
fishing,大分県,大島漁港,大分県,32.96698,132.06836,32.96698,132.06836
fishing,大分県,大平漁港,大分県,33.24655,131.81939,33.24655,131.81939
fishing,大分県,大浜漁港,大分県,33.06623,132.00385,33.06623,132.00385
fishing,大分県,大海田漁港,大分県,33.49135,131.73199,33.49135,131.73199
fishing,大分県,大神漁港,大分県,33.35336,131.58264,33.35336,131.62264
fishing,大分県,奈多漁港,大分県,33.43706,131.7118,33.43706,131.7118
fishing,大分県,安岐漁港,大分県,33.46386,131.72699,33.46386,131.72699
fishing,大分県,室生漁港,池田,33.22241,131.87643,33.22241,131.87643
fishing,大分県,小林漁港,大分県,33.64431,131.48491,33.64431,131.48491
fishing,大分県,小浦漁港,大分県,32.91894,131.99299,32.91894,131.99299
fishing,大分県,小深江漁港,大分県,33.35164,131.55728,33.35164,131.59728
fishing,大分県,小祝漁港,大分県,33.62154,131.19145,33.62154,131.19145
fishing,大分県,小野田漁港,大分県,33.68166,131.55509,33.68166,131.55509
fishing,大分県,小黒漁港,大分県,33.25422,131.8969,33.25422,131.8969
fishing,大分県,尾浦漁港,大分県,32.86699,131.9742,32.86699,131.9742
fishing,大分県,尾鷲漁港,大分県,33.62578,131.47534,33.62578,131.47534
fishing,大分県,屋形島漁港,大分県,32.77612,131.92079,32.77612,131.92079
fishing,大分県,島江漁港,大分県,32.93755,132.01883,32.93755,132.01883
fishing,大分県,島田漁港,大分県,33.65773,131.66894,33.65773,131.66894
fishing,大分県,平床漁港,大分県,33.55243,131.74298,33.55243,131.74298
fishing,大分県,志生木漁港,大分県,33.24917,131.83639,33.24917,131.83639
fishing,大分県,日代漁港,大分県,33.0679,131.92245,33.0679,131.92245
fishing,大分県,日向泊漁港,大分県,33.01252,131.93809,33.01252,131.93809
fishing,大分県,有明漁港,大分県,32.94321,131.9881,32.94321,131.9881
fishing,大分県,来浦漁港,大分県,33.64146,131.68753,33.64146,131.68753
fishing,大分県,東浦漁港,大分県,33.72716,131.68254,33.72716,131.68254
fishing,大分県,東深江漁港,大分県,33.12438,131.87974,33.12438,131.87974
fishing,大分県,松津漁港,大分県,33.66662,131.49927,33.66662,131.49927
fishing,大分県,松浦漁港,大分県,32.94734,131.96165,32.94734,131.96165
fishing,大分県,梶寄漁港,大分県,32.94642,132.06988,32.94642,132.06988
fishing,大分県,楠屋漁港,大分県,33.11501,131.89726,33.11501,131.89726
fishing,大分県,泊ヶ内漁港,大分県,33.12894,131.90091,33.12894,131.90091
fishing,大分県,波当津漁港,大分県,32.75082,131.8731,32.75082,131.8731
fishing,大分県,津久見島漁港,大分県,33.1414,131.85698,33.1414,131.85698
fishing,大分県,浅海井漁港,大分県,33.05065,131.9298,33.05065,131.9298
fishing,大分県,浪太漁港,大分県,33.0294,131.92092,33.0294,131.92092
fishing,大分県,深島漁港,大分県,32.72283,131.92895,32.72283,131.92895
fishing,大分県,深江漁港,大分県,33.12624,131.86595,33.12624,131.86595
fishing,大分県,清水漁港,大分県,33.12709,131.89434,33.12709,131.89434
fishing,大分県,瀬ノ上漁港,大分県,33.3501,131.56657,33.3501,131.60657
fishing,大分県,灘内漁港,大分県,32.80406,131.89235,32.80406,131.89235
fishing,大分県,無垢島漁港,大分県,33.15945,131.97808,33.15945,131.97808
fishing,大分県,片神漁港,大分県,33.00084,131.924,33.00084,131.924
fishing,大分県,猿戸漁港,大分県,32.94309,132.03447,32.94309,132.03447
fishing,大分県,玉井漁港,大分県,33.22953,131.87541,33.22953,131.87541
fishing,大分県,田ノ浦漁港,大分県,33.21333,131.86726,33.21333,131.86726
fishing,大分県,白木漁港,大分県,33.23221,131.87285,33.23221,131.87285
fishing,大分県,真玉漁港,大分県,33.61513,131.46792,33.61513,131.46792
fishing,大分県,真那井漁港,大分県,33.37081,131.60422,33.37081,131.60422
fishing,大分県,神崎漁港,大分県,33.24361,131.78949,33.24361,131.78949
fishing,大分県,福水漁港,大分県,33.26438,131.88174,33.26438,131.88174
fishing,大分県,福泊漁港,大分県,33.05277,131.99112,33.05277,131.99112
fishing,大分県,種田漁港,大分県,33.6882,131.57605,33.6882,131.57605
fishing,大分県,竹田津漁港,大分県,33.67566,131.56996,33.67566,131.56996
fishing,大分県,美濃崎漁港,大分県,33.40636,131.69532,33.40636,131.69532
fishing,大分県,羽出漁港,大分県,32.94234,131.99959,32.94234,131.99959
fishing,大分県,臼杵漁港,大分県,33.12195,131.82754,33.12195,131.82754
fishing,大分県,色宮漁港,大分県,32.89242,131.99209,32.89242,131.99209
fishing,大分県,葛原漁港,大分県,32.77588,131.87172,32.77588,131.87172
fishing,大分県,蒲戸漁港,大分県,33.05613,131.99892,33.05613,131.99892
fishing,大分県,蒲江漁港,大分県,32.79979,131.92238,32.79979,131.92238
fishing,大分県,西浦漁港,大分県,33.7277,131.64114,33.7277,131.64114
fishing,大分県,護江漁港,大分県,33.01209,131.90482,32.97209,131.90482
fishing,大分県,豊岡漁港,大分県,33.3602,131.50052,33.3602,131.62052
fishing,大分県,赤江漁港,大分県,33.08288,131.93398,33.08288,131.93398
fishing,大分県,長洲漁港,大分県,33.57984,131.3695,33.57984,131.3695
fishing,大分県,長田漁港,大分県,33.05089,131.9572,33.05089,131.9572
fishing,大分県,長目漁港,大分県,33.10907,131.88442,33.10907,131.88442
fishing,大分県,間越漁港,大分県,32.93504,132.0392,32.93504,132.0392
fishing,大分県,霞ヶ浦漁港,大分県,33.00458,131.89927,32.96458,131.89927
fishing,大分県,面木漁港,大分県,33.66298,131.64983,33.66298,131.64983
fishing,大分県,香々地漁港,大分県,33.67327,131.52172,33.67327,131.52172
fishing,大分県,高松漁港,大分県,33.01086,131.92532,33.01086,131.92532
fishing,大分県,高津漁港,大分県,33.58198,131.29922,33.58198,131.29922
fishing,大分県,高浜漁港,大分県,33.08026,131.99643,33.08026,131.99643
fishing,大分県,鳴川漁港,大分県,33.12048,131.85448,33.12048,131.85448
port,宮崎県,内海港,宮崎県,31.75523,131.47261,31.75523,131.47261
port,宮崎県,古江港,宮崎県,32.69124,131.82167,32.69124,131.82167
port,宮崎県,外浦港,宮崎県,31.51007,131.37851,31.51007,131.37851
port,宮崎県,大島港,宮崎県,31.53273,131.40277,31.53273,131.40277
port,宮崎県,大納港,宮崎県,31.4099,131.3456,31.4099,131.3456
port,宮崎県,宮崎港,宮崎県,31.91076,131.47625,31.91076,131.47625
port,宮崎県,平岩港,宮崎県,32.37324,131.63759,32.37324,131.63759
port,宮崎県,延岡新港,宮崎県,32.52829,131.69516,32.52829,131.69516
port,宮崎県,延岡港,宮崎県,32.58407,131.7147,32.58407,131.7147
port,宮崎県,油津港,宮崎県,31.56834,131.40374,31.56834,131.40374
port,宮崎県,熊野江港,宮崎県,32.66736,131.77934,32.66736,131.77934
port,宮崎県,福島港,宮崎県,31.44125,131.20477,31.44125,131.20477
port,宮崎県,細島港,宮崎県,32.44744,131.67168,32.44744,131.67168
port,宮崎県,美々津港,宮崎県,32.33157,131.61926,32.33157,131.61926
port,宮崎県,高鍋港,,32.12628,131.53788,32.12628,131.53788
port,宮崎県,黒井港,宮崎県,31.38476,131.29276,31.38476,131.29276
fishing,宮崎県,北浦漁港,北浦,32.69672,131.83089,32.69672,131.83089
fishing,宮崎県,南浦漁港,延岡市・延岡,32.65006,131.76756,32.65006,131.76756
fishing,宮崎県,土々呂漁港,延岡市,32.51302,131.69659,32.51302,131.69659
fishing,宮崎県,大堂津漁港,日南市,31.55296,131.38651,31.55296,131.38651
fishing,宮崎県,夫婦浦漁港,外浦,31.49546,131.38763,31.49546,131.38763
fishing,宮崎県,宮之浦漁港,串間市東,31.39353,131.33486,31.39353,131.33486
fishing,宮崎県,宮浦(鵜戸)漁港,日南市,31.6718,131.45313,31.6718,131.45313
fishing,宮崎県,富土漁港,日南市,31.69648,131.46016,31.69648,131.46016
fishing,宮崎県,富田漁港,一ツ瀬,32.04513,131.51316,32.04513,131.51316
fishing,宮崎県,島野浦漁港,島浦町,32.66173,131.81978,32.66173,131.81978
fishing,宮崎県,川南漁港,川南町,32.17345,131.55426,32.17345,131.55426
fishing,宮崎県,市木漁港,串間市東,31.46741,131.37429,31.46741,131.37429
fishing,宮崎県,本城漁港,串間市,31.42019,131.23431,31.42019,131.23431
fishing,宮崎県,油津漁港,日南市,31.5756,131.40137,31.5756,131.40137
fishing,宮崎県,目井津漁港,南郷,31.54296,131.38929,31.54296,131.38929
fishing,宮崎県,福島高松漁港,串間市,31.45491,131.16848,31.45491,131.16848
fishing,宮崎県,都井漁港,串間市東,31.38853,131.30902,31.38853,131.30902
fishing,宮崎県,都農漁港,都農町,32.25455,131.57426,32.25455,131.57426
fishing,宮崎県,野島漁港,宮崎市,31.73544,131.46872,31.73544,131.46872
fishing,宮崎県,門川漁港,門川 庵川,32.47175,131.66424,32.47175,131.66424
fishing,宮崎県,青島漁港,宮崎市,31.80848,131.48428,31.80848,131.48428
fishing,宮崎県,鵜戸漁港,日南市,31.62241,131.45316,31.62241,131.45316
fishing,宮崎県,鶯巣漁港,日南市,31.71655,131.46206,31.71655,131.46206
port,鹿児島県,やすら浜港,十島村,29.45585,129.59397,29.45585,129.59397
port,鹿児島県,七ツ山港,十島村,29.84167,129.89833,29.84167,129.89833
port,鹿児島県,上ノ古田港,西之表市,30.80104,131.01951,30.80104,131.01951
port,鹿児島県,上屋久元浦港,鹿児島県,30.45491,130.50159,30.45491,130.50159
port,鹿児島県,上屋久永田港,屋久島町,30.39986,130.42061,30.39986,130.42061
port,鹿児島県,与論港,鹿児島県,27.04837,128.39447,27.04837,128.39447
port,鹿児島県,与路港,瀬戸内町,28.04482,129.17095,28.04482,129.17095
port,鹿児島県,中之島港,鹿児島県,29.83957,129.84858,29.83957,129.84858
port,鹿児島県,中間港,屋久島町,30.25406,130.42969,30.25406,130.42969
port,鹿児島県,串木野新港,鹿児島県,31.72475,130.23725,31.72475,130.23725
port,鹿児島県,亀徳港,鹿児島県,27.74069,129.02377,27.74069,129.02377
port,鹿児島県,二川港,垂水市,31.58688,130.78616,31.58688,130.78616
port,鹿児島県,伊延港,和泊町,27.41812,128.64026,27.41812,128.64026
port,鹿児島県,伊関港,西之表市,30.77027,131.07421,30.77027,131.07421
port,鹿児島県,住吉港,知名町,27.35836,128.52658,27.35836,128.52658
port,鹿児島県,元浦港,十島村,29.61041,129.69654,29.61041,129.69654
port,鹿児島県,八郷港,阿久根市,32.12507,130.21515,32.12507,130.21515
port,鹿児島県,内之浦辺塚港,肝付町,31.16359,130.98029,31.16359,130.98029
port,鹿児島県,円港,龍郷町,28.46862,129.5833,28.46862,129.5833
port,鹿児島県,切石港,十島村,29.61116,129.71255,29.61116,129.71255
port,鹿児島県,前之浜港,十島村,29.68863,129.52529,29.68863,129.52529
port,鹿児島県,加治木港,鹿児島県,31.72739,130.6651,31.72739,130.6651
port,鹿児島県,加計呂麻港,瀬戸内町,28.13264,129.25187,28.13264,129.25187
port,鹿児島県,南之浜港,十島村,29.67931,129.53267,29.67931,129.53267
port,鹿児島県,古仁屋港,鹿児島県,28.12704,129.3132,28.12704,129.3132
port,鹿児島県,名柄港,宇検村,28.256,129.24738,28.256,129.24738
port,鹿児島県,名瀬港,鹿児島県,28.40056,129.50218,28.40056,129.50218
port,鹿児島県,和泊港,鹿児島県,27.39773,128.66305,27.39773,128.66305
port,鹿児島県,和野港,奄美市,28.42131,129.70554,28.42131,129.70554
port,鹿児島県,喜入港,鹿児島県,31.39492,130.54164,31.39492,130.54164
port,鹿児島県,喜界島港,喜界町,28.28321,129.93477,28.28321,129.93477
port,鹿児島県,垂水港,鹿児島県,31.50012,130.69046,31.50012,130.69046
port,鹿児島県,増田港,中種子町,30.54751,131.00382,30.54751,131.00382
port,鹿児島県,大久保港,西之表市,30.8204,131.03122,30.8204,131.03122
port,鹿児島県,大和港,大和村,28.37096,129.39976,28.37096,129.39976
port,鹿児島県,大塩屋港,中種子町,30.56225,131.0298,30.56225,131.0298
port,鹿児島県,大崎港,西之表市,30.77345,131.00765,30.77345,131.00765
port,鹿児島県,大根占港,鹿児島県,31.25548,130.78773,31.25548,130.78773
port,鹿児島県,大泊港,鹿児島県,31.02144,130.68894,31.02144,130.68894
port,鹿児島県,大浦港,肝付町,31.12177,130.92239,31.12177,130.92239
port,鹿児島県,大漉港,阿久根市,32.11315,130.18941,32.11315,130.18941
port,鹿児島県,大笠利港,奄美市,28.48871,129.6972,28.48871,129.6972
port,鹿児島県,大里港,三島村,30.84353,129.95019,30.84353,129.95019
port,鹿児島県,安房港,鹿児島県,30.31479,130.66369,30.31479,130.66369
port,鹿児島県,宝島港,十島村,29.15784,129.20636,29.15784,129.20636
port,鹿児島県,宮ヶ浜港,鹿児島県,31.28037,130.62287,31.28037,130.62287
port,鹿児島県,宮之浦港,鹿児島県,30.42898,130.57655,30.42898,130.57655
port,鹿児島県,宮之浦港,鹿児島県,32.20009,130.19153,32.20009,130.19153
port,鹿児島県,小宝島港,十島村,29.21937,129.32214,29.21937,129.32214
port,鹿児島県,小島港,屋久島町,30.23169,130.53258,30.23169,130.53258
port,鹿児島県,小浦港,南さつま市,31.41025,130.19594,31.41025,130.19594
port,鹿児島県,小漉港,阿久根市,32.12042,130.20192,32.12042,130.20192
port,鹿児島県,屋久津港,中種子町,30.49192,130.88971,30.49192,130.88971
port,鹿児島県,屋之間港,屋久島町,30.23298,130.55281,30.23298,130.55281
port,鹿児島県,屋仁港,奄美市,28.5024,129.65534,28.5024,129.65534
port,鹿児島県,山間港,奄美市,28.24308,129.4312,28.24308,129.4312
port,鹿児島県,岩屋泊港,屋久島町,30.48541,130.17004,30.48541,130.17004
port,鹿児島県,岸良港,肝付町,31.22598,131.01778,31.22598,131.01778
port,鹿児島県,島間港,鹿児島県,30.46795,130.86478,30.46795,130.86478
port,鹿児島県,川内港,鹿児島県,31.85992,130.18833,31.85992,130.18833
port,鹿児島県,平土野港,鹿児島県,27.81126,128.88902,27.81126,128.88902
port,鹿児島県,平崎港,南さつま市,31.34625,130.20652,31.34625,130.20652
port,鹿児島県,広田港,南種子町,30.42118,130.9704,30.42118,130.9704
port,鹿児島県,志布志港,鹿児島県,31.45809,131.1021,31.45809,131.1021
port,鹿児島県,戸口港,龍郷町,28.3627,129.58521,28.3627,129.58521
port,鹿児島県,指宿港,鹿児島県,31.23479,130.65319,31.23479,130.65319
port,鹿児島県,指江港,鹿児島県,32.15569,130.11193,32.15569,130.11193
port,鹿児島県,新川港,鹿児島県,31.44781,130.28865,31.44781,130.28865
port,鹿児島県,東之浜港,十島村,29.68946,129.53905,29.68946,129.53905
port,鹿児島県,東塩屋港,南九州市,31.25164,130.38379,31.25164,130.38379
port,鹿児島県,松ヶ浦港,南九州市,31.25281,130.39175,31.25281,130.39175
port,鹿児島県,栗生港,鹿児島県,30.26599,130.42019,30.26599,130.42019
port,鹿児島県,根占港,鹿児島県,31.21821,130.75972,31.21821,130.75972
port,鹿児島県,桑之浦港,薩摩川内市,31.86235,129.84115,31.86235,129.84115
port,鹿児島県,桜島港,鹿児島市,31.5574,130.6179,31.5574,130.6179
port,鹿児島県,桜島港,鹿児島県,31.59414,130.59754,31.59414,130.59754
port,鹿児島県,椎ノ木港,西之表市,30.72606,130.83809,30.72606,130.83809
port,鹿児島県,椨川港,屋久島町,30.40633,130.6212,30.40633,130.6212
port,鹿児島県,楠川港,屋久島町,30.41444,130.5986,30.41444,130.5986
port,鹿児島県,母間港,徳之島町,27.80595,128.98768,27.80595,128.98768
port,鹿児島県,江石港,薩摩川内市,31.81903,129.86995,31.81903,129.86995
port,鹿児島県,波見港,鹿児島県,31.36518,131.04597,31.36518,131.04597
port,鹿児島県,浅川港,西之表市,30.68301,131.06314,30.68301,131.06314
port,鹿児島県,浜尻港,南大隅町,31.05983,130.75099,31.05983,130.75099
port,鹿児島県,浜津脇港,鹿児島県,30.60016,130.94642,30.60016,130.94642
port,鹿児島県,浮津港,垂水市,31.59883,130.7859,31.59883,130.7859
port,鹿児島県,湯向港,屋久島町,30.45503,130.25173,30.45503,130.25173
port,鹿児島県,湯泊港,屋久島町,30.23259,130.47457,30.23259,130.47457
port,鹿児島県,湯湾港,宇検村,28.2795,129.29174,28.2795,129.29174
port,鹿児島県,湾港,鹿児島県,28.32869,129.93483,28.32869,129.93483
port,鹿児島県,瀬崎港,指宿市,31.3042,130.586,31.3042,130.586
port,鹿児島県,瀬戸港,鹿児島県,32.10199,130.17033,32.10199,130.17033
port,鹿児島県,片側港,鹿児島県,32.27749,130.21493,32.27749,130.21493
port,鹿児島県,片泊港,三島村,30.8283,129.90706,30.8283,129.90706
port,鹿児島県,牧川港,中種子町,30.62877,130.94985,30.62877,130.94985
port,鹿児島県,獅子島港,長島町,32.29401,130.23183,32.29401,130.23183
port,鹿児島県,王籠港,西之表市,30.75845,130.84958,30.75845,130.84958
port,鹿児島県,田之脇港,鹿児島県,30.68999,131.06899,30.68999,131.06899
port,鹿児島県,田尻港,南種子町,30.36269,130.85837,30.36269,130.85837
port,鹿児島県,百合ヶ浜港,与論町,27.04501,128.45541,27.04501,128.45541
port,鹿児島県,知名瀬港,奄美市,28.38301,129.44646,28.38301,129.44646
port,鹿児島県,硫黄島港,鹿児島県,30.77776,130.27891,30.77776,130.27891
port,鹿児島県,福山港,鹿児島県,31.67871,130.81079,31.67871,130.81079
port,鹿児島県,立山港,西之表市,30.611,131.05449,30.611,131.05449
port,鹿児島県,竜郷港,龍郷町,28.46,129.6185,28.46,129.6185
port,鹿児島県,竹島港,三島村,30.8176,130.41936,30.8176,130.41936
port,鹿児島県,管鈍港,瀬戸内町,28.22658,129.19648,28.22658,129.19648
port,鹿児島県,篠川港,瀬戸内町,28.21937,129.28858,28.21937,129.28858
port,鹿児島県,米之津港,鹿児島県,32.13115,130.34171,32.13115,130.34171
port,鹿児島県,聖ヶ浦港,南九州市,31.25285,130.40316,31.25285,130.40316
port,鹿児島県,芦徳港,龍郷町,28.42121,129.62155,28.42121,129.62155
port,鹿児島県,西之表港,鹿児島県,30.73463,130.98404,30.73463,130.98404
port,鹿児島県,西塩屋港,南九州市,31.25246,130.36867,31.25246,130.36867
port,鹿児島県,西方港,鹿児島県,31.91107,130.22124,31.91107,130.22124
port,鹿児島県,請島港,瀬戸内町,28.0359,129.25676,28.0359,129.25676
port,鹿児島県,赤木名港,奄美市,28.46125,129.66403,28.46125,129.66403
port,鹿児島県,里港,鹿児島県,31.85006,129.9076,31.85006,129.9076
port,鹿児島県,長島港,長島町,32.20132,130.15464,32.20132,130.15464
port,鹿児島県,長浜港,鹿児島県,31.7015,129.74049,31.7015,129.74049
port,鹿児島県,門倉港,南種子町,30.34342,130.87663,30.34342,130.87663
port,鹿児島県,隼人港,鹿児島県,31.71591,130.72667,31.71591,130.72667
port,鹿児島県,面縄港,伊仙町,27.67001,128.96664,27.67001,128.96664
port,鹿児島県,馬毛島岬港,西之表市,30.76498,130.85452,30.76498,130.85452
port,鹿児島県,高之口港,阿久根市,31.98675,130.19607,31.98675,130.19607
port,鹿児島県,高須港,鹿児島県,31.35019,130.79285,31.35019,130.79285
port,鹿児島県,魚見港,鹿児島県,31.26837,130.66792,31.26837,130.66792
port,鹿児島県,鯛ノ川港,屋久島町,30.24764,130.59156,30.24764,130.59156
port,鹿児島県,鹿児島港,鹿児島県,31.5266,130.55395,31.5266,130.55395
port,鹿児島県,鹿屋港,鹿児島県,31.40538,130.7649,31.40538,130.7649
port,鹿児島県,鹿浦港,伊仙町,27.69232,128.91735,27.69232,128.91735
port,鹿児島県,黒之浜港,鹿児島県,32.09288,130.17289,32.09288,130.17289
fishing,鹿児島県,一湊漁港,屋久島,30.45751,130.49134,30.45751,130.49134
fishing,鹿児島県,三船漁港,東町,32.21494,130.16273,32.21494,130.16273
fishing,鹿児島県,下西目漁港,南種子町,30.35558,130.8652,30.35558,130.8652
fishing,鹿児島県,中山漁港,種子島,30.52914,130.99503,30.52914,130.99503
fishing,鹿児島県,中浜漁港,山北町,31.57489,130.77823,31.57489,130.77823
fishing,鹿児島県,中甑漁港,甑島,31.83123,129.85664,31.83123,129.85664
fishing,鹿児島県,串木野漁港,串木野市 串木野市島平,31.71236,130.25605,31.71236,130.25605
fishing,鹿児島県,久志漁港,久志,31.30629,130.22023,31.30629,130.22023
fishing,鹿児島県,亀津漁港,徳之島,27.73,129.0218,27.73,129.0218
fishing,鹿児島県,今和泉漁港,指宿市岩本,31.29436,130.60159,31.29436,130.60159
fishing,鹿児島県,今里漁港,奄美,28.32744,129.27399,28.32744,129.27399
fishing,鹿児島県,伊唐北漁港,東町,32.21842,130.20604,32.21842,130.20604
fishing,鹿児島県,伊座敷漁港,おおすみ岬,31.09716,130.69103,31.09716,130.69103
fishing,鹿児島県,住吉漁港,種子島,30.6636,130.94241,30.6636,130.94241
fishing,鹿児島県,佐潟漁港,北さつま,31.99427,130.18522,31.99427,130.18522
fishing,鹿児島県,児ヶ水漁港,山川町,31.16702,130.5924,31.16702,130.5924
fishing,鹿児島県,内之浦漁港,内之浦,31.27854,131.08432,31.27854,131.08432
fishing,鹿児島県,内喜名漁港,沖永良部島,27.39753,128.59518,27.39753,128.59518
fishing,鹿児島県,前之浜漁港,喜入町,31.34852,130.55742,31.34852,130.55742
fishing,鹿児島県,前泊漁港,伊仙町,27.70722,128.8982,27.70722,128.8982
fishing,鹿児島県,前籠漁港,十島村,29.15846,129.20593,29.15846,129.20593
fishing,鹿児島県,原漁港,屋久島,30.24447,130.588,30.24447,130.588
fishing,鹿児島県,口永良部漁港,屋久島,30.46028,130.19109,30.46028,130.19109
fishing,鹿児島県,古仁屋漁港,瀬戸内,28.14175,129.3143,28.14175,129.3143
fishing,鹿児島県,吉田漁港,屋久島,30.43278,130.45746,30.43278,130.45746
fishing,鹿児島県,名護漁港,出水市,32.12394,130.32797,32.12394,130.32797
fishing,鹿児島県,名音漁港,奄美,28.33716,129.31177,28.33716,129.31177
fishing,鹿児島県,吹上漁港,吹上町,31.50516,130.31939,31.50516,130.31939
fishing,鹿児島県,和瀬漁港,奄美,28.29411,129.47425,28.29411,129.47425
fishing,鹿児島県,唐浜漁港,川内市,31.86845,130.20494,31.86845,130.20494
fishing,鹿児島県,喜瀬漁港,奄美,28.42701,129.65447,28.42701,129.65447
fishing,鹿児島県,国分漁港,錦江,31.7031,130.78708,31.7031,130.78708
fishing,鹿児島県,土川漁港,川内市 羽島,31.77874,130.17939,31.77874,130.17939
fishing,鹿児島県,坊泊漁港,坊泊,31.26852,130.22773,31.26852,130.22773
fishing,鹿児島県,垂水南漁港,垂水市,31.44488,130.73489,31.44488,130.73489
fishing,鹿児島県,城之前漁港,十島村,29.2279,129.32897,29.2279,129.32897
fishing,鹿児島県,境漁港,牛根,31.61655,130.79545,31.61655,130.79545
fishing,鹿児島県,夏井漁港,志布志,31.4674,131.13376,31.4674,131.13376
fishing,鹿児島県,大島漁港,東町,32.09037,130.15939,32.09037,130.15939
fishing,鹿児島県,大川漁港,南種子町,30.41779,130.86436,30.41779,130.86436
fishing,鹿児島県,大浜漁港,根占町,31.19372,130.76003,31.19372,130.76003
fishing,鹿児島県,大熊漁港,名瀬,28.40299,129.51869,28.40299,129.51869
fishing,鹿児島県,宇宿漁港,奄美,28.4466,129.71562,28.4466,129.71562
fishing,鹿児島県,宇検漁港,宇検村,28.29383,129.22705,28.29383,129.22705
fishing,鹿児島県,宇治漁港,宇治群島,31.20157,129.47225,31.20157,129.47225
fishing,鹿児島県,安城漁港,種子島,30.64944,131.05157,30.64944,131.05157
fishing,鹿児島県,安木屋場漁港,奄美,28.47715,129.61452,28.47715,129.61452
fishing,鹿児島県,実久漁港,瀬戸内,28.18717,129.18456,28.18717,129.18456
fishing,鹿児島県,寄田漁港,川内市,31.81846,130.17939,31.81846,130.17939
fishing,鹿児島県,小宿漁港,名瀬,28.40326,129.46923,28.40326,129.46923
fishing,鹿児島県,小島漁港,大村湾,31.8468,129.92158,31.8468,129.92158
fishing,鹿児島県,小島漁港,甑島,31.85845,129.86358,31.85845,129.86358
fishing,鹿児島県,小湊(万世)漁港,加世田市,31.42017,130.25495,31.42017,130.25495
fishing,鹿児島県,小湊(三方)漁港,名瀬,28.3205,129.53536,28.3205,129.53536
fishing,鹿児島県,小瀬田漁港,屋久島,30.40326,130.63682,30.40326,130.63682
fishing,鹿児島県,小野津漁港,喜界島,28.36661,130.00143,28.36661,130.00143
fishing,鹿児島県,尾波瀬漁港,おおすみ岬,31.04146,130.67718,31.04146,130.67718
fishing,鹿児島県,山川漁港,山川町,31.2052,130.64492,31.2052,130.64492
fishing,鹿児島県,山漁港,徳之島,27.86415,128.95847,27.86415,128.95847
fishing,鹿児島県,島泊漁港,おおすみ岬,31.06209,130.67572,31.06209,130.67572
fishing,鹿児島県,崎原漁港,名瀬,28.34464,129.57189,28.34464,129.57189
fishing,鹿児島県,州崎漁港,南種子町,30.43418,130.857,30.43418,130.857
fishing,鹿児島県,市来漁港,市来町,31.69306,130.28327,31.69306,130.28327
fishing,鹿児島県,平田漁港,宇検村,28.25467,129.20511,28.25467,129.20511
fishing,鹿児島県,平良漁港,甑島,31.80429,129.84109,31.80429,129.84109
fishing,鹿児島県,庄司浦漁港,種子島,30.7186,131.07434,30.7186,131.07434
fishing,鹿児島県,弊串漁港,東町,32.26174,130.22771,32.26174,130.22771
fishing,鹿児島県,志戸子漁港,屋久島,30.45195,130.51856,30.45195,130.51856
fishing,鹿児島県,戸崎漁港,市来町,31.66096,130.30071,31.66096,130.30071
fishing,鹿児島県,手打漁港,甑島,31.63403,129.70499,31.63403,129.70499
fishing,鹿児島県,早町漁港,喜界島,28.333,130.0056,28.333,130.0056
fishing,鹿児島県,東風泊漁港,高山町,31.34242,131.06155,31.34242,131.06155
fishing,鹿児島県,松原漁港,天城町,27.8572,128.88987,27.8572,128.88987
fishing,鹿児島県,枕崎漁港,枕崎市,31.26194,130.29383,31.26194,130.29383
fishing,鹿児島県,栗生漁港,屋久島,30.26729,130.41651,30.26729,130.41651
fishing,鹿児島県,桂島漁港,北さつま,32.14842,130.26215,32.14842,130.26215
fishing,鹿児島県,梶潟漁港,種子島,30.48708,130.88138,30.48708,130.88138
fishing,鹿児島県,永浜漁港,錦江,31.72848,130.69629,31.72848,130.69629
fishing,鹿児島県,汐見漁港,北さつま,32.10676,130.14105,32.10676,130.14105
fishing,鹿児島県,江口漁港,江口,31.65209,130.31716,31.65209,130.31716
fishing,鹿児島県,沖ヶ浜田漁港,種子島,30.7622,131.07292,30.7622,131.07292
fishing,鹿児島県,沖泊漁港,沖永良部島,27.3981,128.55423,27.3981,128.55423
fishing,鹿児島県,浜田漁港,南種子町,30.44191,130.97401,30.44191,130.97401
fishing,鹿児島県,浦田漁港,種子島,30.82491,131.04292,30.82491,131.04292
fishing,鹿児島県,海潟漁港,垂水市,31.53067,130.69927,31.53067,130.69927
fishing,鹿児島県,湊漁港,種子島,30.82487,131.06444,30.82487,131.06444
fishing,鹿児島県,瀬々野浦漁港,甑島,31.69235,129.69166,31.69235,129.69166
fishing,鹿児島県,熊野漁港,種子島,30.46279,130.96102,30.46279,130.96102
fishing,鹿児島県,片浦漁港,笠沙町,31.41739,130.1844,31.41739,130.1844
fishing,鹿児島県,片野浦漁港,甑島,31.66347,129.68194,31.66347,129.68194
fishing,鹿児島県,牛之浜漁港,北さつま,31.97316,130.20661,31.97316,130.20661
fishing,鹿児島県,生見漁港,喜入町,31.30875,130.58142,31.30875,130.58142
fishing,鹿児島県,田尻漁港,おおすみ岬,31.008,130.67437,31.008,130.67437
fishing,鹿児島県,知名漁港,沖永良部島,27.32837,128.56491,27.32837,128.56491
fishing,鹿児島県,砂坂漁港,南種子町,30.38419,130.86242,30.38419,130.86242
fishing,鹿児島県,秋名漁港,奄美,28.44882,129.55758,28.44882,129.55758
fishing,鹿児島県,秋徳漁港,瀬戸内,28.08302,129.28483,28.08302,129.28483
fishing,鹿児島県,秋目漁港,秋目,31.35629,130.1994,31.35629,130.1994
fishing,鹿児島県,竹崎漁港,南種子町,30.37113,130.95908,30.37113,130.95908
fishing,鹿児島県,羽島漁港,羽島,31.75347,130.20272,31.75347,130.20272
fishing,鹿児島県,能野漁港,種子島,30.68577,130.95422,30.68577,130.95422
fishing,鹿児島県,脇本漁港,北さつま,32.07843,130.18438,32.07843,130.18438
fishing,鹿児島県,脇浦漁港,かいゑい,31.1964,130.51204,31.1964,130.51204
fishing,鹿児島県,船間漁港,内之浦,31.1835,130.99269,31.1835,130.99269
fishing,鹿児島県,芝漁港,瀬戸内,28.19328,129.21178,28.19328,129.21178
fishing,鹿児島県,芦検漁港,宇検村,28.28648,129.26905,28.28648,129.26905
fishing,鹿児島県,芦浜漁港,甑島,31.71375,129.75562,31.71375,129.75562
fishing,鹿児島県,花天漁港,瀬戸内,28.22828,129.2165,28.22828,129.2165
fishing,鹿児島県,花里崎漁港,種子島,30.75631,131.00248,30.75631,131.00248
fishing,鹿児島県,茅屋漁港,北さつま,32.21341,130.12605,32.21341,130.12605
fishing,鹿児島県,茶花漁港,与論町,27.05034,128.41242,27.05034,128.41242
fishing,鹿児島県,荒木漁港,喜界島,28.29588,129.91342,28.29588,129.91342
fishing,鹿児島県,葉山漁港,種子島,30.75203,130.86119,30.75203,130.86119
fishing,鹿児島県,葛輪漁港,東町,32.25758,130.18605,32.25758,130.18605
fishing,鹿児島県,蔵之元漁港,北さつま,32.19036,130.10439,32.19036,130.10439
fishing,鹿児島県,薄井漁港,東町,32.22508,130.17605,32.22508,130.17605
fishing,鹿児島県,藺牟田漁港,甑島,31.7779,129.79443,31.7779,129.79443
fishing,鹿児島県,西之浜漁港,十島村,29.9931,129.91251,29.9931,129.91251
fishing,鹿児島県,西古見漁港,瀬戸内,28.23967,129.17122,28.23967,129.17122
fishing,鹿児島県,観音漁港,東町,32.14787,130.19605,32.14787,130.19605
fishing,鹿児島県,諸鈍漁港,瀬戸内,28.08996,129.32455,28.08996,129.32455
fishing,鹿児島県,谷山漁港,谷山,31.52294,130.52937,31.52294,130.52937
fishing,鹿児島県,赤水漁港,西桜島,31.57349,130.60686,31.57349,130.60686
fishing,鹿児島県,辺塚漁港,おおすみ岬,31.09173,130.82863,31.09173,130.82863
fishing,鹿児島県,重富漁港,錦海,31.70015,130.61769,31.70015,130.61769
fishing,鹿児島県,野口漁港,北さつま,32.12509,130.26104,32.12509,130.26104
fishing,鹿児島県,野間池漁港,野間池,31.41795,130.1344,31.41795,130.1344
fishing,鹿児島県,間泊漁港,おおすみ岬,31.03711,130.71436,31.03711,130.71436
fishing,鹿児島県,阿久根漁港,北さつま,32.02172,130.18785,32.02172,130.18785
fishing,鹿児島県,青瀬漁港,甑島,31.67013,129.72721,31.67013,129.72721
fishing,鹿児島県,頴娃漁港,かいゑい,31.25047,130.4416,31.25047,130.4416
fishing,鹿児島県,高坊漁港,種子島,30.73131,130.86593,30.73131,130.86593
fishing,鹿児島県,麦屋漁港,与論町,27.01939,128.44912,27.01939,128.44912
fishing,鹿児島県,麦生漁港,屋久島,30.25503,130.60495,30.25503,130.60495
fishing,鹿児島県,黒瀬漁港,笠沙町,31.37333,130.168,31.37333,130.168
fishing,鹿児島県,龍郷漁港,奄美,28.45271,129.60591,28.45271,129.60591
port,沖縄県,上地港,沖縄県,24.23534,123.93697,24.23534,123.93697
port,沖縄県,中城湾港,沖縄県,26.23736,127.86471,26.23736,127.86471
port,沖縄県,仲田港,沖縄県,26.92562,127.95302,26.92562,127.95302
port,沖縄県,仲間港,沖縄県,24.26858,123.88961,24.26858,123.88961
port,沖縄県,伊江港,沖縄県,26.70509,127.80165,26.70509,127.80165
port,沖縄県,兼城港,沖縄県,26.33263,126.75602,26.33263,126.75602
port,沖縄県,内花港,沖縄県,26.95488,127.94395,26.95488,127.94395
port,沖縄県,前泊港,沖縄県,27.0335,127.96793,27.0335,127.96793
port,沖縄県,北大東港,沖縄県,25.95338,131.28248,25.95338,131.28248
port,沖縄県,南大東港,沖縄県,25.84131,131.21554,25.84131,131.21554
port,沖縄県,古宇利港,沖縄県,26.69361,128.01671,26.69361,128.01671
port,沖縄県,塩屋港,沖縄県,26.66631,128.11534,26.66631,128.11534
port,沖縄県,多良間港,沖縄県,24.64237,124.72761,24.64237,124.72761
port,沖縄県,奥港,沖縄県,26.84747,128.29168,26.84747,128.29168
port,沖縄県,安護の浦港,沖縄県,26.21778,127.32108,26.21778,127.32108
port,沖縄県,宜野湾港,沖縄県,26.27906,127.72633,26.27906,127.72633
port,沖縄県,小浜港,沖縄県,24.34875,123.99411,24.34875,123.99411
port,沖縄県,平良港,宮古島市,24.82248,125.27557,24.82248,125.27557
port,沖縄県,座間味港,沖縄県,26.2242,127.30052,26.2242,127.30052
port,沖縄県,徳仁港,沖縄県,26.15408,127.88408,26.15408,127.88408
port,沖縄県,慶留間港,沖縄県,26.17541,127.29184,26.17541,127.29184
port,沖縄県,本部港,沖縄県,26.6248,127.88481,26.6248,127.88481
port,沖縄県,来間・前浜港,沖縄県,24.72915,125.25995,24.72915,125.25995
port,沖縄県,水納港,沖縄県,24.74558,124.69566,24.74558,124.69566
port,沖縄県,水納港,沖縄県,26.65175,127.81992,26.65175,127.81992
port,沖縄県,渡嘉敷港,沖縄県,26.19847,127.37323,26.19847,127.37323
port,沖縄県,白浜港,沖縄県,24.36314,123.73994,24.36314,123.73994
port,沖縄県,石垣港,石垣市,24.34076,124.13415,24.34076,124.13415
port,沖縄県,祖納港,沖縄県,24.47432,122.99823,24.47432,122.99823
port,沖縄県,租納港,沖縄県,24.39423,123.7492,24.39423,123.7492
port,沖縄県,竹富東港,沖縄県,24.33847,124.09495,24.33847,124.09495
port,沖縄県,粟国港,沖縄県,26.57674,127.23386,26.57674,127.23386
port,沖縄県,船浦港,沖縄県,24.41237,123.81851,24.41237,123.81851
port,沖縄県,船浮港,沖縄県,24.3444,123.73176,24.3444,123.73176
port,沖縄県,運天港,沖縄県,26.69072,128.01018,26.69072,128.01018
port,沖縄県,那覇港,那覇港管理組合,26.24925,127.66173,26.24925,127.66173
port,沖縄県,野甫港,沖縄県,26.99255,127.92775,26.99255,127.92775
port,沖縄県,金武湾港,沖縄県,26.40487,127.91788,26.40487,127.91788
port,沖縄県,長山港,沖縄県,24.79586,125.20173,24.79586,125.20173
port,沖縄県,鳩間港,沖縄県,24.4665,123.82004,24.4665,123.82004
port,沖縄県,黒島港,沖縄県,24.25523,123.99757,24.25523,123.99757
fishing,沖縄県,与根漁港,糸満,26.16403,127.65334,26.16403,127.65334
fishing,沖縄県,中城浜漁港,佐敷中城,26.25319,127.79388,26.25319,127.79388
fishing,沖縄県,久松漁港,平良市,24.78239,125.26289,24.78239,125.26289
fishing,沖縄県,久部良漁港,与那国町,24.45055,122.93793,24.45055,122.93793
fishing,沖縄県,久高漁港,知念村,26.1582,127.88443,26.1582,127.88443
fishing,沖縄県,仲尾次漁港,羽地,26.62843,128.02635,26.62843,128.02635
fishing,沖縄県,仲里漁港,久米島,26.35178,126.82091,26.35178,126.82091
fishing,沖縄県,伊平屋漁港,伊平屋村,27.017,127.94413,27.017,127.94413
fishing,沖縄県,伊是名漁港,伊是名,26.91285,127.93774,26.91285,127.93774
fishing,沖縄県,伊野田漁港,八重山,24.45472,124.24838,24.45472,124.24838
fishing,沖縄県,佐和田漁港,伊良部町,24.84247,125.1569,24.84247,125.1569
fishing,沖縄県,佐良浜漁港,伊良部町,24.83909,125.21488,24.83909,125.21488
fishing,沖縄県,保良漁港,平良市,24.72388,125.46466,24.72388,125.46466
fishing,沖縄県,儀間漁港,久米島,26.33067,126.76591,26.33067,126.76591
fishing,沖縄県,具志川漁港,久米島,26.38483,126.74647,26.38483,126.74647
fishing,沖縄県,具志漁港,伊江,26.70592,127.8072,26.70592,127.8072
fishing,沖縄県,前兼久漁港,恩納村,26.44817,127.80249,26.44817,127.80249
fishing,沖縄県,前泊漁港,平良市,24.67832,124.70167,24.67832,124.70167
fishing,沖縄県,勢理客漁港,伊是名,26.93534,127.92136,26.93534,127.92136
fishing,沖縄県,南原漁港,南原,26.3275,127.87336,26.3275,127.87336
fishing,沖縄県,南大東漁港,南大東,25.87078,131.21748,25.87078,131.21748
fishing,沖縄県,博愛漁港,平良市,24.71582,125.32689,24.71582,125.32689
fishing,沖縄県,古宇利漁港,今帰仁,26.69326,128.01927,26.69326,128.01927
fishing,沖縄県,名護漁港,名護,26.58621,127.98052,26.58621,127.98052
fishing,沖縄県,喜屋武漁港,糸満,26.09543,127.65889,26.09543,127.65889
fishing,沖縄県,嘉手納漁港,読谷村,26.36243,127.74015,26.36243,127.74015
fishing,沖縄県,国頭浜漁港,国頭,26.72204,128.15856,26.72204,128.15856
fishing,沖縄県,塩屋漁港,羽地,26.67071,128.10316,26.67071,128.10316
fishing,沖縄県,壷川漁港,那覇市沿岸,26.20418,127.67859,26.20418,127.67859
fishing,沖縄県,多良間漁港,平良市,24.64165,124.68306,24.64165,124.68306
fishing,沖縄県,奥武漁港,知念村,26.13209,127.77416,26.13209,127.77416
fishing,沖縄県,安田漁港,国頭,26.74154,128.32051,26.74154,128.32051
fishing,沖縄県,宜名真漁港,国頭,26.85008,128.25272,26.85008,128.25272
fishing,沖縄県,宜野座漁港,宜野座村,26.4765,127.99108,26.4765,127.99108
fishing,沖縄県,宜野湾漁港,浦添宜野湾 那覇市沿岸,26.28541,127.74333,26.28541,127.74333
fishing,沖縄県,島尻漁港,平良市,24.87858,125.29689,24.87858,125.29689
fishing,沖縄県,川満漁港,平良市,24.76082,125.28217,24.76082,125.28217
fishing,沖縄県,平敷屋漁港,勝連,26.30914,127.92315,26.30914,127.92315
fishing,沖縄県,当添漁港,与那原 西原町,26.18986,127.77416,26.18986,127.77416
fishing,沖縄県,志喜屋漁港,知念村,26.1474,127.80668,26.1474,127.80668
fishing,沖縄県,恩納漁港,恩納村,26.50108,127.85606,26.50108,127.85606
fishing,沖縄県,慶佐次漁港,国頭,26.59847,128.13632,26.59847,128.13632
fishing,沖縄県,新里漁港,本部,26.70469,127.89599,26.70469,127.89599
fishing,沖縄県,東漁港,国頭,26.62781,128.16585,26.62781,128.16585
fishing,沖縄県,桃原漁港,与那城町,26.35284,127.97514,26.35284,127.97514
fishing,沖縄県,棚根漁港,平良市,24.72499,125.29801,24.72499,125.29801
fishing,沖縄県,比嘉漁港,勝連,26.31415,127.9618,26.31415,127.9618
fishing,沖縄県,汀間漁港,名護,26.55122,128.06302,26.55122,128.06302
fishing,沖縄県,池味漁港,与那城町,26.37641,127.9865,26.37641,127.9865
fishing,沖縄県,池間漁港,池間,24.92469,125.24773,24.92469,125.24773
fishing,沖縄県,泊漁港,越喜来,26.22856,127.68042,26.22856,127.68042
fishing,沖縄県,泡瀬漁港,沖縄市,26.32336,127.83835,26.32336,127.83835
fishing,沖縄県,波照間漁港,八重山,24.06781,123.7662,24.06781,123.7662
fishing,沖縄県,津堅漁港,勝連,26.24343,127.93663,26.24343,127.93663
fishing,沖縄県,浜崎漁港,本部,26.64565,127.87914,26.64565,127.87914
fishing,沖縄県,浜川漁港,北谷町,26.31825,127.75453,26.31825,127.75453
fishing,沖縄県,浜漁港,勝連,26.32772,127.95272,26.32772,127.95272
fishing,沖縄県,浦底漁港,敦賀市,24.77109,125.39688,24.77109,125.39688
fishing,沖縄県,海野漁港,知念村,26.19014,127.81416,26.19014,127.81416
fishing,沖縄県,渡名喜漁港,渡名喜村,26.37261,127.14032,26.37261,127.14032
fishing,沖縄県,港川漁港,港川,26.12432,127.76111,26.12432,127.76111
fishing,沖縄県,漢那漁港,宜野座村,26.47254,127.95677,26.47254,127.95677
fishing,沖縄県,照間漁港,与那城町,26.34338,127.88881,26.34338,127.88881
fishing,沖縄県,牧港,浦添宜野湾,26.27124,127.72277,26.27124,127.72277
fishing,沖縄県,狩俣漁港,平良市,24.90446,125.26637,24.90446,125.26637
fishing,沖縄県,田名漁港,伊平屋村,27.06589,127.97163,27.06589,127.97163
fishing,沖縄県,登野城漁港,八重山,24.33001,124.16311,24.33001,124.16311
fishing,沖縄県,真栄田漁港,恩納村,26.4406,127.7626,26.4406,127.7626
fishing,沖縄県,真謝漁港,平良市,24.83203,125.32219,24.83203,125.32219
fishing,沖縄県,石垣漁港,八重山,24.3464,124.14256,24.3464,124.14256
fishing,沖縄県,粟国漁港,座間味村,26.58287,127.24698,26.58287,127.24698
fishing,沖縄県,糸満漁港,糸満,26.13197,127.6572,26.13197,127.6572
fishing,沖縄県,細崎漁港,八重山,24.33279,123.9534,24.33279,123.9534
fishing,沖縄県,船越漁港,八重山,24.50722,124.2756,24.50722,124.2756
fishing,沖縄県,荷川取漁港,平良市,24.81525,125.27939,24.81525,125.27939
fishing,沖縄県,西崎漁港,伊江,26.70842,127.76137,26.70842,127.76137
fishing,沖縄県,西表漁港,八重山,24.38473,123.74731,24.38473,123.74731
fishing,沖縄県,許田漁港,名護,26.5415,127.9608,26.5415,127.9608
fishing,沖縄県,辺土名漁港,国頭,26.7487,128.17745,26.7487,128.17745
fishing,沖縄県,辺野古漁港,名護,26.519,128.03413,26.519,128.03413
fishing,沖縄県,運天漁港,今帰仁,26.69269,127.99488,26.69269,127.99488
fishing,沖縄県,都屋漁港,読谷村,26.38587,127.72456,26.38587,127.72456
fishing,沖縄県,阿嘉漁港,座間味村,26.18958,127.28448,26.18958,127.28448
fishing,沖縄県,阿波連漁港,渡嘉敷,26.16736,127.34753,26.16736,127.34753
fishing,沖縄県,高野漁港,平良市,24.80276,125.33328,24.80276,125.33328
fishing,沖縄県,鳥島漁港,久米島,26.34483,126.74813,26.34483,126.74813
